run_id,prompt_id,gamma,round_idx,accepted,path_depth,tree_nodes,acceptance_rate,verify_rpc_ms,draft_rpc_ms,overlap_savings_ms,speculation_outcome
48d4faee330b,factual-001,5,0,1,5,5,0.2,2971.496,822.437,822.437,miss
48d4faee330b,factual-001,5,1,4,5,5,0.8,3378.343,922.544,922.544,miss
48d4faee330b,factual-001,5,2,5,5,5,1.0,3402.379,1045.512,1045.512,hit
48d4faee330b,factual-001,5,3,4,4,4,1.0,3242.468,917.06,917.06,hit
48d4faee330b,factual-001,5,4,4,4,4,1.0,3248.099,823.777,823.777,hit
48d4faee330b,factual-001,5,5,4,4,4,1.0,3336.963,827.073,827.073,hit
48d4faee330b,factual-001,5,6,2,4,4,0.5,3346.101,851.733,851.733,miss
48d4faee330b,factual-001,5,7,5,5,5,1.0,3323.563,835.115,835.115,hit
48d4faee330b,factual-001,5,8,4,4,4,1.0,3259.773,823.981,823.981,hit
48d4faee330b,factual-001,5,9,4,4,4,1.0,3274.892,835.926,835.926,hit
48d4faee330b,factual-001,5,10,4,4,4,1.0,3287.556,828.264,828.264,hit
48d4faee330b,factual-001,5,11,4,4,4,1.0,3274.788,825.642,825.642,hit
48d4faee330b,factual-001,5,12,4,4,4,1.0,3267.973,946.073,946.073,hit
48d4faee330b,factual-001,5,13,0,4,4,0.0,3295.303,829.715,829.715,miss
48d4faee330b,factual-001,5,14,5,5,5,1.0,3333.007,921.511,921.511,hit
48d4faee330b,factual-001,5,15,1,4,4,0.25,3316.864,860.655,860.655,miss
48d4faee330b,factual-001,5,16,5,5,5,1.0,3282.178,925.718,925.718,hit
48d4faee330b,factual-001,5,17,1,4,4,0.25,3304.859,930.424,930.424,miss
48d4faee330b,factual-001,5,18,5,5,5,1.0,3290.346,920.671,920.671,hit
48d4faee330b,factual-001,5,19,4,4,4,1.0,3293.247,906.046,906.046,hit
2e60e4e5c069,factual-002,5,0,0,5,5,0.0,3028.793,932.065,932.065,miss
2e60e4e5c069,factual-002,5,1,0,5,5,0.0,3297.659,817.233,817.233,miss
2e60e4e5c069,factual-002,5,2,4,5,5,0.8,3321.782,920.869,920.869,miss
2e60e4e5c069,factual-002,5,3,4,4,4,1.0,3351.742,711.612,711.612,hit
2e60e4e5c069,factual-002,5,4,3,3,3,1.0,3373.218,711.806,711.806,hit
2e60e4e5c069,factual-002,5,5,3,3,3,1.0,3273.641,731.123,731.123,hit
2e60e4e5c069,factual-002,5,6,3,3,3,1.0,3287.132,713.289,713.289,hit
2e60e4e5c069,factual-002,5,7,3,3,3,1.0,3292.258,802.899,802.899,hit
2e60e4e5c069,factual-002,5,8,3,3,3,1.0,3345.616,887.923,887.923,hit
2e60e4e5c069,factual-002,5,9,4,4,4,1.0,3381.547,838.539,838.539,hit
2e60e4e5c069,factual-002,5,10,4,4,4,1.0,3369.824,817.839,817.839,hit
2e60e4e5c069,factual-002,5,11,4,4,4,1.0,3277.19,811.681,811.681,hit
2e60e4e5c069,factual-002,5,12,4,4,4,1.0,3315.918,822.621,822.621,hit
2e60e4e5c069,factual-002,5,13,1,4,4,0.25,3322.334,869.117,869.117,miss
2e60e4e5c069,factual-002,5,14,5,5,5,1.0,3312.054,823.072,823.072,hit
2e60e4e5c069,factual-002,5,15,0,4,4,0.0,3309.234,822.371,822.371,miss
2e60e4e5c069,factual-002,5,16,5,5,5,1.0,3342.596,794.821,794.821,hit
2e60e4e5c069,factual-002,5,17,2,4,4,0.5,3351.007,916.235,916.235,miss
2e60e4e5c069,factual-002,5,18,5,5,5,1.0,3401.759,917.094,917.094,hit
2e60e4e5c069,factual-002,5,19,2,4,4,0.5,3353.637,882.266,882.266,miss
33e357e90f97,factual-003,5,0,0,5,5,0.0,3025.344,849.291,849.291,miss
33e357e90f97,factual-003,5,1,1,5,5,0.2,3296.145,884.962,884.962,miss
33e357e90f97,factual-003,5,2,5,5,5,1.0,3299.856,851.139,851.139,hit
33e357e90f97,factual-003,5,3,4,4,4,1.0,3490.934,826.143,826.143,hit
33e357e90f97,factual-003,5,4,3,3,3,1.0,3277.51,590.662,590.662,hit
33e357e90f97,factual-003,5,5,2,2,2,1.0,3371.792,601.811,601.811,hit
33e357e90f97,factual-003,5,6,2,2,2,1.0,3316.452,715.579,715.579,hit
33e357e90f97,factual-003,5,7,2,2,2,1.0,3441.018,777.247,777.247,hit
33e357e90f97,factual-003,5,8,3,3,3,1.0,3376.551,817.027,817.027,hit
33e357e90f97,factual-003,5,9,4,4,4,1.0,3278.205,818.247,818.247,hit
33e357e90f97,factual-003,5,10,4,4,4,1.0,3284.303,916.964,916.964,hit
33e357e90f97,factual-003,5,11,4,4,4,1.0,3295.957,826.432,826.432,hit
33e357e90f97,factual-003,5,12,3,4,4,0.75,3375.165,865.966,865.966,miss
33e357e90f97,factual-003,5,13,5,5,5,1.0,3283.539,798.941,798.941,hit
33e357e90f97,factual-003,5,14,4,4,4,1.0,3315.339,852.022,852.022,hit
33e357e90f97,factual-003,5,15,4,4,4,1.0,3288.195,838.441,838.441,hit
33e357e90f97,factual-003,5,16,4,4,4,1.0,3295.861,829.325,829.325,hit
33e357e90f97,factual-003,5,17,4,4,4,1.0,3309.071,819.707,819.707,hit
33e357e90f97,factual-003,5,18,4,4,4,1.0,3342.584,835.807,835.807,hit
33e357e90f97,factual-003,5,19,4,4,4,1.0,3294.769,826.131,826.131,hit
adbb58f66269,factual-004,5,0,0,5,5,0.0,3049.314,797.557,797.557,miss
adbb58f66269,factual-004,5,1,0,5,5,0.0,3335.173,826.448,826.448,miss
adbb58f66269,factual-004,5,2,0,5,5,0.0,3409.706,959.486,959.486,miss
adbb58f66269,factual-004,5,3,0,3,3,0.0,3335.199,648.233,648.233,miss
adbb58f66269,factual-004,5,4,3,3,3,1.0,3299.477,633.164,633.164,hit
adbb58f66269,factual-004,5,5,0,2,2,0.0,3284.666,627.555,627.555,miss
adbb58f66269,factual-004,5,6,1,3,3,0.3333,3311.483,641.866,641.866,miss
adbb58f66269,factual-004,5,7,2,3,3,0.6667,3293.704,631.033,631.033,miss
adbb58f66269,factual-004,5,8,3,3,3,1.0,3382.249,627.958,627.958,miss
adbb58f66269,factual-004,5,9,3,3,3,1.0,3289.339,654.029,654.029,hit
adbb58f66269,factual-004,5,10,2,2,2,1.0,3277.292,623.529,623.529,hit
adbb58f66269,factual-004,5,11,2,2,2,1.0,3292.96,618.748,618.748,hit
adbb58f66269,factual-004,5,12,2,2,2,1.0,3367.56,669.575,669.575,miss
adbb58f66269,factual-004,5,13,4,4,4,1.0,3330.97,785.134,785.134,hit
adbb58f66269,factual-004,5,14,3,3,3,1.0,3294.163,829.204,829.204,hit
adbb58f66269,factual-004,5,15,4,4,4,1.0,3315.952,829.192,829.192,hit
adbb58f66269,factual-004,5,16,1,4,4,0.25,3374.044,1149.554,1149.554,miss
adbb58f66269,factual-004,5,17,0,5,5,0.0,3324.024,829.735,829.735,miss
adbb58f66269,factual-004,5,18,1,5,5,0.2,3316.562,827.976,827.976,miss
adbb58f66269,factual-004,5,19,0,5,5,0.0,3370.821,916.207,916.207,miss
746e499aa6f2,factual-005,5,0,0,5,5,0.0,3033.997,828.19,828.19,miss
746e499aa6f2,factual-005,5,1,5,5,5,1.0,3392.9,853.502,853.502,hit
746e499aa6f2,factual-005,5,2,3,4,4,0.75,3366.207,817.683,817.683,miss
746e499aa6f2,factual-005,5,3,4,5,5,0.8,3406.635,843.812,843.812,unknown
faaf840b2667,factual-001,1,0,1,1,1,1.0,3115.895,209.843,209.843,miss
faaf840b2667,factual-001,1,1,1,1,1,1.0,628.108,196.517,196.517,unknown
faaf840b2667,factual-001,1,2,1,1,1,1.0,630.325,192.416,192.416,unknown
faaf840b2667,factual-001,1,3,0,1,1,0.0,633.115,183.76,183.76,miss
faaf840b2667,factual-001,1,4,1,1,1,1.0,628.214,161.033,161.033,unknown
faaf840b2667,factual-001,1,5,1,1,1,1.0,734.445,189.682,189.682,unknown
faaf840b2667,factual-001,1,6,1,1,1,1.0,650.352,186.535,186.535,unknown
faaf840b2667,factual-001,1,7,1,1,1,1.0,631.449,191.119,191.119,unknown
faaf840b2667,factual-001,1,8,1,1,1,1.0,635.33,193.783,193.783,unknown
faaf840b2667,factual-001,1,9,1,1,1,1.0,628.923,186.84,186.84,unknown
faaf840b2667,factual-001,1,10,1,1,1,1.0,644.556,190.277,190.277,unknown
faaf840b2667,factual-001,1,11,1,1,1,1.0,640.671,172.216,172.216,unknown
faaf840b2667,factual-001,1,12,1,1,1,1.0,624.987,190.264,190.264,unknown
faaf840b2667,factual-001,1,13,1,1,1,1.0,661.268,201.545,201.545,unknown
faaf840b2667,factual-001,1,14,1,1,1,1.0,628.225,184.797,184.797,unknown
faaf840b2667,factual-001,1,15,1,1,1,1.0,628.205,185.071,185.071,miss
faaf840b2667,factual-001,1,16,1,1,1,1.0,664.659,208.886,208.886,unknown
faaf840b2667,factual-001,1,17,1,1,1,1.0,628.669,185.447,185.447,unknown
faaf840b2667,factual-001,1,18,1,1,1,1.0,631.385,185.484,185.484,unknown
faaf840b2667,factual-001,1,19,1,1,1,1.0,646.033,191.589,191.589,unknown
c000e364927d,factual-002,1,0,0,1,1,0.0,3058.818,183.626,183.626,miss
c000e364927d,factual-002,1,1,0,1,1,0.0,631.165,189.138,189.138,miss
c000e364927d,factual-002,1,2,1,1,1,1.0,611.054,174.249,174.249,unknown
c000e364927d,factual-002,1,3,1,1,1,1.0,622.254,183.625,183.625,unknown
c000e364927d,factual-002,1,4,0,1,1,0.0,612.304,189.39,189.39,miss
c000e364927d,factual-002,1,5,1,1,1,1.0,617.052,185.395,185.395,unknown
c000e364927d,factual-002,1,6,1,1,1,1.0,614.02,201.284,201.284,unknown
c000e364927d,factual-002,1,7,1,1,1,1.0,694.127,241.516,241.516,unknown
c000e364927d,factual-002,1,8,1,1,1,1.0,633.427,185.774,185.774,unknown
c000e364927d,factual-002,1,9,1,1,1,1.0,619.352,235.919,235.919,unknown
c000e364927d,factual-002,1,10,1,1,1,1.0,658.468,188.545,188.545,unknown
c000e364927d,factual-002,1,11,1,1,1,1.0,660.759,206.513,206.513,unknown
c000e364927d,factual-002,1,12,1,1,1,1.0,626.352,183.05,183.05,unknown
c000e364927d,factual-002,1,13,1,1,1,1.0,623.117,208.211,208.211,unknown
c000e364927d,factual-002,1,14,1,1,1,1.0,807.643,194.542,194.542,unknown
c000e364927d,factual-002,1,15,1,1,1,1.0,628.824,194.191,194.191,unknown
c000e364927d,factual-002,1,16,1,1,1,1.0,620.578,171.585,171.585,unknown
c000e364927d,factual-002,1,17,1,1,1,1.0,612.299,183.787,183.787,unknown
c000e364927d,factual-002,1,18,1,1,1,1.0,666.15,202.6,202.6,unknown
c000e364927d,factual-002,1,19,1,1,1,1.0,634.351,183.956,183.956,unknown
62c1c2bf3e00,instruct-001,1,0,0,1,1,0.0,2949.287,164.497,164.497,miss
62c1c2bf3e00,instruct-001,1,1,0,1,1,0.0,613.453,169.901,169.901,miss
62c1c2bf3e00,instruct-001,1,2,0,1,1,0.0,620.272,184.474,184.474,miss
62c1c2bf3e00,instruct-001,1,3,0,1,1,0.0,697.794,184.522,184.522,miss
62c1c2bf3e00,instruct-001,1,4,0,1,1,0.0,612.298,187.687,187.687,miss
62c1c2bf3e00,instruct-001,1,5,0,1,1,0.0,715.933,174.217,174.217,miss
62c1c2bf3e00,instruct-001,1,6,0,1,1,0.0,708.029,188.82,188.82,miss
62c1c2bf3e00,instruct-001,1,7,1,1,1,1.0,641.852,183.782,183.782,unknown
62c1c2bf3e00,instruct-001,1,8,1,1,1,1.0,610.272,175.865,175.865,unknown
62c1c2bf3e00,instruct-001,1,9,1,1,1,1.0,616.54,188.208,188.208,unknown
62c1c2bf3e00,instruct-001,1,10,1,1,1,1.0,617.139,186.751,186.751,unknown
62c1c2bf3e00,instruct-001,1,11,1,1,1,1.0,613.179,184.795,184.795,miss
62c1c2bf3e00,instruct-001,1,12,1,1,1,1.0,615.35,184.511,184.511,unknown
62c1c2bf3e00,instruct-001,1,13,1,1,1,1.0,641.243,186.684,186.684,unknown
62c1c2bf3e00,instruct-001,1,14,1,1,1,1.0,707.845,188.039,188.039,unknown
62c1c2bf3e00,instruct-001,1,15,1,1,1,1.0,653.257,185.941,185.941,unknown
62c1c2bf3e00,instruct-001,1,16,1,1,1,1.0,618.296,183.743,183.743,unknown
62c1c2bf3e00,instruct-001,1,17,1,1,1,1.0,614.77,184.099,184.099,unknown
62c1c2bf3e00,instruct-001,1,18,1,1,1,1.0,617.667,189.742,189.742,unknown
62c1c2bf3e00,instruct-001,1,19,1,1,1,1.0,607.793,184.047,184.047,unknown
e77c27463c15,instruct-002,1,0,0,1,1,0.0,2964.003,174.793,174.793,miss
e77c27463c15,instruct-002,1,1,0,1,1,0.0,623.415,184.235,184.235,miss
e77c27463c15,instruct-002,1,2,0,1,1,0.0,623.709,183.142,183.142,miss
e77c27463c15,instruct-002,1,3,0,1,1,0.0,626.85,182.629,182.629,miss
e77c27463c15,instruct-002,1,4,1,1,1,1.0,623.805,186.532,186.532,unknown
e77c27463c15,instruct-002,1,5,1,1,1,1.0,619.085,186.037,186.037,unknown
e77c27463c15,instruct-002,1,6,1,1,1,1.0,616.99,183.926,183.926,unknown
e77c27463c15,instruct-002,1,7,1,1,1,1.0,704.658,180.189,180.189,miss
e77c27463c15,instruct-002,1,8,0,1,1,0.0,622.546,179.518,179.518,miss
e77c27463c15,instruct-002,1,9,1,1,1,1.0,617.423,184.184,184.184,miss
e77c27463c15,instruct-002,1,10,1,1,1,1.0,697.642,184.683,184.683,unknown
e77c27463c15,instruct-002,1,11,1,1,1,1.0,623.124,185.814,185.814,unknown
e77c27463c15,instruct-002,1,12,0,1,1,0.0,621.336,185.35,185.35,miss
e77c27463c15,instruct-002,1,13,0,1,1,0.0,627.779,190.138,190.138,miss
e77c27463c15,instruct-002,1,14,1,1,1,1.0,690.05,185.193,185.193,miss
e77c27463c15,instruct-002,1,15,0,1,1,0.0,656.55,189.837,189.837,miss
e77c27463c15,instruct-002,1,16,1,1,1,1.0,704.922,180.535,180.535,unknown
e77c27463c15,instruct-002,1,17,1,1,1,1.0,619.216,174.623,174.623,unknown
e77c27463c15,instruct-002,1,18,1,1,1,1.0,618.276,180.041,180.041,unknown
e77c27463c15,instruct-002,1,19,1,1,1,1.0,619.126,185.093,185.093,unknown
0cb398f50755,reasoning-001,1,0,0,1,1,0.0,2998.352,168.057,168.057,miss
0cb398f50755,reasoning-001,1,1,0,1,1,0.0,616.268,184.31,184.31,miss
0cb398f50755,reasoning-001,1,2,0,1,1,0.0,622.493,180.339,180.339,miss
0cb398f50755,reasoning-001,1,3,0,1,1,0.0,612.508,178.454,178.454,miss
0cb398f50755,reasoning-001,1,4,0,1,1,0.0,613.923,185.454,185.454,miss
0cb398f50755,reasoning-001,1,5,1,1,1,1.0,609.144,194.334,194.334,unknown
0cb398f50755,reasoning-001,1,6,1,1,1,1.0,622.913,188.974,188.974,unknown
0cb398f50755,reasoning-001,1,7,1,1,1,1.0,609.388,184.147,184.147,unknown
0cb398f50755,reasoning-001,1,8,1,1,1,1.0,614.158,184.523,184.523,unknown
0cb398f50755,reasoning-001,1,9,0,1,1,0.0,609.401,189.058,189.058,miss
0cb398f50755,reasoning-001,1,10,1,1,1,1.0,624.562,184.616,184.616,unknown
0cb398f50755,reasoning-001,1,11,1,1,1,1.0,615.77,183.761,183.761,unknown
0cb398f50755,reasoning-001,1,12,1,1,1,1.0,612.571,183.88,183.88,unknown
0cb398f50755,reasoning-001,1,13,1,1,1,1.0,613.119,183.202,183.202,miss
0cb398f50755,reasoning-001,1,14,1,1,1,1.0,614.618,185.175,185.175,unknown
0cb398f50755,reasoning-001,1,15,1,1,1,1.0,610.938,185.923,185.923,unknown
0cb398f50755,reasoning-001,1,16,1,1,1,1.0,648.619,185.778,185.778,miss
0cb398f50755,reasoning-001,1,17,1,1,1,1.0,629.481,187.776,187.776,unknown
0cb398f50755,reasoning-001,1,18,1,1,1,1.0,626.468,185.891,185.891,unknown
0cb398f50755,reasoning-001,1,19,1,1,1,1.0,611.102,188.016,188.016,unknown
1879088d16bb,reasoning-002,1,0,0,1,1,0.0,2995.056,178.399,178.399,miss
1879088d16bb,reasoning-002,1,1,0,1,1,0.0,619.549,193.407,193.407,miss
1879088d16bb,reasoning-002,1,2,0,1,1,0.0,621.51,170.968,170.968,miss
1879088d16bb,reasoning-002,1,3,0,1,1,0.0,613.414,185.106,185.106,miss
1879088d16bb,reasoning-002,1,4,0,1,1,0.0,624.069,169.528,169.528,miss
1879088d16bb,reasoning-002,1,5,1,1,1,1.0,609.126,186.504,186.504,unknown
1879088d16bb,reasoning-002,1,6,1,1,1,1.0,615.821,184.232,184.232,unknown
1879088d16bb,reasoning-002,1,7,1,1,1,1.0,612.392,185.684,185.684,unknown
1879088d16bb,reasoning-002,1,8,1,1,1,1.0,722.122,188.628,188.628,miss
1879088d16bb,reasoning-002,1,9,0,1,1,0.0,608.949,185.692,185.692,miss
1879088d16bb,reasoning-002,1,10,1,1,1,1.0,619.584,186.565,186.565,unknown
1879088d16bb,reasoning-002,1,11,1,1,1,1.0,610.835,186.021,186.021,unknown
1879088d16bb,reasoning-002,1,12,1,1,1,1.0,619.937,184.4,184.4,miss
1879088d16bb,reasoning-002,1,13,1,1,1,1.0,635.775,188.218,188.218,unknown
1879088d16bb,reasoning-002,1,14,1,1,1,1.0,615.01,185.681,185.681,unknown
1879088d16bb,reasoning-002,1,15,1,1,1,1.0,668.903,213.12,213.12,unknown
1879088d16bb,reasoning-002,1,16,1,1,1,1.0,646.935,185.1,185.1,unknown
1879088d16bb,reasoning-002,1,17,0,1,1,0.0,619.293,183.034,183.034,miss
1879088d16bb,reasoning-002,1,18,1,1,1,1.0,617.554,170.487,170.487,miss
1879088d16bb,reasoning-002,1,19,1,1,1,1.0,650.942,183.889,183.889,unknown
f61235eeb3f1,generation-001,1,0,0,1,1,0.0,2963.233,183.662,183.662,miss
f61235eeb3f1,generation-001,1,1,0,1,1,0.0,613.919,188.535,188.535,miss
f61235eeb3f1,generation-001,1,2,1,1,1,1.0,616.358,185.798,185.798,unknown
f61235eeb3f1,generation-001,1,3,1,1,1,1.0,692.245,188.317,188.317,miss
f61235eeb3f1,generation-001,1,4,1,1,1,1.0,629.645,184.248,184.248,unknown
f61235eeb3f1,generation-001,1,5,1,1,1,1.0,617.16,200.191,200.191,unknown
f61235eeb3f1,generation-001,1,6,1,1,1,1.0,618.213,185.474,185.474,miss
f61235eeb3f1,generation-001,1,7,1,1,1,1.0,666.739,209.39,209.39,miss
f61235eeb3f1,generation-001,1,8,1,1,1,1.0,615.559,174.522,174.522,unknown
f61235eeb3f1,generation-001,1,9,1,1,1,1.0,614.786,185.886,185.886,unknown
f61235eeb3f1,generation-001,1,10,1,1,1,1.0,616.076,184.695,184.695,unknown
f61235eeb3f1,generation-001,1,11,1,1,1,1.0,620.192,196.566,196.566,miss
f61235eeb3f1,generation-001,1,12,1,1,1,1.0,653.188,185.643,185.643,miss
f61235eeb3f1,generation-001,1,13,0,1,1,0.0,618.16,188.109,188.109,miss
f61235eeb3f1,generation-001,1,14,0,1,1,0.0,614.045,186.87,186.87,miss
f61235eeb3f1,generation-001,1,15,1,1,1,1.0,617.28,184.381,184.381,unknown
f61235eeb3f1,generation-001,1,16,0,1,1,0.0,614.428,185.107,185.107,miss
f61235eeb3f1,generation-001,1,17,1,1,1,1.0,617.83,187.429,187.429,unknown
f61235eeb3f1,generation-001,1,18,0,1,1,0.0,618.67,183.604,183.604,miss
f61235eeb3f1,generation-001,1,19,0,1,1,0.0,613.136,185.742,185.742,miss
7ebdc537ef49,generation-002,1,0,0,1,1,0.0,3070.2,182.047,182.047,miss
7ebdc537ef49,generation-002,1,1,0,1,1,0.0,626.153,188.964,188.964,miss
7ebdc537ef49,generation-002,1,2,1,1,1,1.0,616.464,184.311,184.311,miss
7ebdc537ef49,generation-002,1,3,1,1,1,1.0,619.269,184.524,184.524,miss
7ebdc537ef49,generation-002,1,4,1,1,1,1.0,610.866,213.782,213.782,unknown
7ebdc537ef49,generation-002,1,5,1,1,1,1.0,616.365,181.47,181.47,unknown
7ebdc537ef49,generation-002,1,6,1,1,1,1.0,625.166,183.906,183.906,unknown
7ebdc537ef49,generation-002,1,7,1,1,1,1.0,650.075,194.278,194.278,unknown
7ebdc537ef49,generation-002,1,8,1,1,1,1.0,614.018,184.619,184.619,unknown
7ebdc537ef49,generation-002,1,9,1,1,1,1.0,618.663,184.474,184.474,unknown
7ebdc537ef49,generation-002,1,10,1,1,1,1.0,617.211,185.483,185.483,unknown
7ebdc537ef49,generation-002,1,11,0,1,1,0.0,610.743,186.821,186.821,miss
7ebdc537ef49,generation-002,1,12,1,1,1,1.0,629.573,183.219,183.219,unknown
7ebdc537ef49,generation-002,1,13,1,1,1,1.0,614.01,185.574,185.574,unknown
7ebdc537ef49,generation-002,1,14,1,1,1,1.0,612.975,189.346,189.346,unknown
7ebdc537ef49,generation-002,1,15,1,1,1,1.0,656.008,184.056,184.056,unknown
7ebdc537ef49,generation-002,1,16,1,1,1,1.0,615.14,185.008,185.008,unknown
7ebdc537ef49,generation-002,1,17,1,1,1,1.0,617.232,187.679,187.679,unknown
7ebdc537ef49,generation-002,1,18,1,1,1,1.0,634.358,183.059,183.059,unknown
7ebdc537ef49,generation-002,1,19,1,1,1,1.0,614.361,184.95,184.949,unknown
08feb8b13be2,code-001,1,0,1,1,1,1.0,2987.039,187.374,187.374,miss
08feb8b13be2,code-001,1,1,1,1,1,1.0,623.812,184.379,184.379,unknown
08feb8b13be2,code-001,1,2,0,1,1,0.0,633.73,194.07,194.07,miss
08feb8b13be2,code-001,1,3,1,1,1,1.0,625.756,161.115,161.115,unknown
08feb8b13be2,code-001,1,4,1,1,1,1.0,627.517,188.061,188.061,unknown
08feb8b13be2,code-001,1,5,1,1,1,1.0,618.356,188.547,188.547,unknown
08feb8b13be2,code-001,1,6,1,1,1,1.0,648.692,184.374,184.374,unknown
08feb8b13be2,code-001,1,7,1,1,1,1.0,620.082,184.773,184.773,miss
08feb8b13be2,code-001,1,8,1,1,1,1.0,681.303,184.013,184.013,miss
08feb8b13be2,code-001,1,9,1,1,1,1.0,620.277,183.776,183.776,unknown
08feb8b13be2,code-001,1,10,1,1,1,1.0,620.659,192.867,192.867,unknown
08feb8b13be2,code-001,1,11,1,1,1,1.0,649.622,182.812,182.812,unknown
08feb8b13be2,code-001,1,12,1,1,1,1.0,630.137,185.697,185.697,unknown
08feb8b13be2,code-001,1,13,1,1,1,1.0,618.463,180.547,180.547,unknown
08feb8b13be2,code-001,1,14,0,1,1,0.0,626.872,184.874,184.874,miss
08feb8b13be2,code-001,1,15,1,1,1,1.0,633.83,188.267,188.267,unknown
08feb8b13be2,code-001,1,16,1,1,1,1.0,628.432,184.694,184.694,unknown
08feb8b13be2,code-001,1,17,1,1,1,1.0,628.222,185.076,185.076,unknown
08feb8b13be2,code-001,1,18,1,1,1,1.0,623.71,183.76,183.76,miss
08feb8b13be2,code-001,1,19,1,1,1,1.0,624.709,187.177,187.177,unknown
7856debb84c0,code-002,1,0,0,1,1,0.0,3041.381,185.419,185.419,miss
7856debb84c0,code-002,1,1,0,1,1,0.0,623.861,182.647,182.646,miss
7856debb84c0,code-002,1,2,1,1,1,1.0,623.19,186.131,186.131,unknown
7856debb84c0,code-002,1,3,1,1,1,1.0,619.992,185.126,185.126,unknown
7856debb84c0,code-002,1,4,1,1,1,1.0,622.232,188.33,188.33,unknown
7856debb84c0,code-002,1,5,1,1,1,1.0,621.737,185.559,185.559,unknown
7856debb84c0,code-002,1,6,1,1,1,1.0,621.0,222.001,222.001,unknown
7856debb84c0,code-002,1,7,1,1,1,1.0,632.329,186.337,186.337,miss
7856debb84c0,code-002,1,8,0,1,1,0.0,620.258,184.123,184.123,miss
7856debb84c0,code-002,1,9,1,1,1,1.0,627.119,182.248,182.248,unknown
7856debb84c0,code-002,1,10,1,1,1,1.0,699.893,209.375,209.375,miss
7856debb84c0,code-002,1,11,1,1,1,1.0,657.609,187.003,187.003,unknown
7856debb84c0,code-002,1,12,1,1,1,1.0,628.379,186.209,186.209,unknown
7856debb84c0,code-002,1,13,1,1,1,1.0,613.999,186.722,186.722,unknown
7856debb84c0,code-002,1,14,0,1,1,0.0,633.829,184.311,184.311,miss
7856debb84c0,code-002,1,15,0,1,1,0.0,612.072,188.413,188.413,miss
7856debb84c0,code-002,1,16,1,1,1,1.0,636.261,190.331,190.331,miss
7856debb84c0,code-002,1,17,1,1,1,1.0,618.797,163.952,163.952,unknown
7856debb84c0,code-002,1,18,0,1,1,0.0,718.211,223.14,223.14,miss
7856debb84c0,code-002,1,19,1,1,1,1.0,693.639,197.993,197.993,unknown
4daad4e7e888,longform-001,1,0,0,1,1,0.0,3018.401,182.772,182.772,miss
4daad4e7e888,longform-001,1,1,1,1,1,1.0,619.041,176.721,176.721,unknown
4daad4e7e888,longform-001,1,2,0,1,1,0.0,625.366,186.047,186.047,miss
4daad4e7e888,longform-001,1,3,1,1,1,1.0,719.213,308.914,308.914,miss
4daad4e7e888,longform-001,1,4,1,1,1,1.0,626.753,187.451,187.451,unknown
4daad4e7e888,longform-001,1,5,1,1,1,1.0,625.1,191.942,191.942,unknown
4daad4e7e888,longform-001,1,6,1,1,1,1.0,612.426,229.18,229.18,miss
4daad4e7e888,longform-001,1,7,0,1,1,0.0,626.611,178.843,178.843,miss
4daad4e7e888,longform-001,1,8,1,1,1,1.0,614.281,166.676,166.676,unknown
4daad4e7e888,longform-001,1,9,0,1,1,0.0,640.806,198.702,198.702,miss
4daad4e7e888,longform-001,1,10,0,1,1,0.0,660.947,220.093,220.093,miss
4daad4e7e888,longform-001,1,11,1,1,1,1.0,648.542,221.03,221.03,unknown
4daad4e7e888,longform-001,1,12,1,1,1,1.0,613.564,186.146,186.146,unknown
4daad4e7e888,longform-001,1,13,0,1,1,0.0,646.743,197.434,197.434,miss
4daad4e7e888,longform-001,1,14,0,1,1,0.0,658.384,201.22,201.22,miss
4daad4e7e888,longform-001,1,15,1,1,1,1.0,619.879,184.984,184.984,unknown
4daad4e7e888,longform-001,1,16,1,1,1,1.0,620.466,194.212,194.212,unknown
4daad4e7e888,longform-001,1,17,1,1,1,1.0,616.047,186.399,186.399,unknown
4daad4e7e888,longform-001,1,18,1,1,1,1.0,618.502,185.903,185.903,miss
4daad4e7e888,longform-001,1,19,1,1,1,1.0,617.884,188.694,188.694,unknown
ec1d266e6c1f,longform-002,1,0,0,1,1,0.0,3011.676,185.129,185.129,miss
ec1d266e6c1f,longform-002,1,1,0,1,1,0.0,628.153,185.087,185.087,miss
ec1d266e6c1f,longform-002,1,2,0,1,1,0.0,620.886,185.302,185.302,miss
ec1d266e6c1f,longform-002,1,3,0,1,1,0.0,618.183,183.814,183.813,miss
ec1d266e6c1f,longform-002,1,4,1,1,1,1.0,618.659,184.251,184.251,miss
ec1d266e6c1f,longform-002,1,5,1,1,1,1.0,693.065,187.028,187.028,miss
ec1d266e6c1f,longform-002,1,6,1,1,1,1.0,653.817,204.869,204.869,miss
ec1d266e6c1f,longform-002,1,7,1,1,1,1.0,618.568,187.812,187.812,unknown
ec1d266e6c1f,longform-002,1,8,1,1,1,1.0,622.206,182.351,182.351,unknown
ec1d266e6c1f,longform-002,1,9,1,1,1,1.0,618.244,187.568,187.568,unknown
ec1d266e6c1f,longform-002,1,10,1,1,1,1.0,630.605,179.42,179.42,unknown
ec1d266e6c1f,longform-002,1,11,1,1,1,1.0,621.432,189.91,189.91,unknown
ec1d266e6c1f,longform-002,1,12,1,1,1,1.0,617.734,189.711,189.711,unknown
ec1d266e6c1f,longform-002,1,13,1,1,1,1.0,625.343,227.672,227.672,unknown
ec1d266e6c1f,longform-002,1,14,1,1,1,1.0,615.026,185.813,185.813,unknown
ec1d266e6c1f,longform-002,1,15,1,1,1,1.0,614.639,185.071,185.071,unknown
ec1d266e6c1f,longform-002,1,16,1,1,1,1.0,613.313,188.996,188.996,miss
ec1d266e6c1f,longform-002,1,17,1,1,1,1.0,614.084,189.01,189.01,unknown
ec1d266e6c1f,longform-002,1,18,1,1,1,1.0,668.911,186.467,186.467,unknown
ec1d266e6c1f,longform-002,1,19,1,1,1,1.0,618.2,188.736,188.736,unknown
6748ce74e6c2,factual-001,3,0,1,3,3,0.3333,3061.931,675.946,675.946,miss
6748ce74e6c2,factual-001,3,1,3,3,3,1.0,3463.978,622.313,622.313,hit
6748ce74e6c2,factual-001,3,2,0,2,2,0.0,3295.017,622.785,622.785,miss
6748ce74e6c2,factual-001,3,3,2,2,2,1.0,3293.02,549.724,549.724,hit
6748ce74e6c2,factual-001,3,4,1,1,1,1.0,622.315,514.469,514.469,hit
6748ce74e6c2,factual-001,3,5,1,1,1,1.0,629.179,521.376,521.376,hit
6748ce74e6c2,factual-001,3,6,1,1,1,1.0,629.087,518.835,518.835,hit
6748ce74e6c2,factual-001,3,7,1,1,1,1.0,625.993,515.758,515.758,hit
6748ce74e6c2,factual-001,3,8,1,1,1,1.0,652.407,639.017,639.017,hit
6748ce74e6c2,factual-001,3,9,2,2,2,1.0,3292.519,599.173,599.173,hit
6748ce74e6c2,factual-001,3,10,2,2,2,1.0,3275.897,711.651,711.651,hit
6748ce74e6c2,factual-001,3,11,2,2,2,1.0,3259.259,605.361,605.361,hit
6748ce74e6c2,factual-001,3,12,1,2,2,0.5,3274.777,639.532,639.532,miss
6748ce74e6c2,factual-001,3,13,3,3,3,1.0,3354.539,628.444,628.444,hit
6748ce74e6c2,factual-001,3,14,2,2,2,1.0,3278.986,616.362,616.362,hit
6748ce74e6c2,factual-001,3,15,2,2,2,1.0,3274.136,621.466,621.466,hit
6748ce74e6c2,factual-001,3,16,2,2,2,1.0,3295.426,682.335,682.335,hit
6748ce74e6c2,factual-001,3,17,2,2,2,1.0,3274.743,678.161,678.161,hit
6748ce74e6c2,factual-001,3,18,2,2,2,1.0,3308.258,625.179,625.179,hit
6748ce74e6c2,factual-001,3,19,2,2,2,1.0,3277.319,624.024,624.024,hit
6f8baadb1bdf,factual-002,3,0,0,3,3,0.0,3012.744,620.165,620.165,miss
6f8baadb1bdf,factual-002,3,1,0,3,3,0.0,3319.25,635.129,635.129,miss
6f8baadb1bdf,factual-002,3,2,3,3,3,1.0,3276.522,625.002,625.002,hit
6f8baadb1bdf,factual-002,3,3,0,2,2,0.0,3261.789,514.65,514.65,miss
6f8baadb1bdf,factual-002,3,4,2,2,2,1.0,3261.511,526.717,526.717,hit
6f8baadb1bdf,factual-002,3,5,1,1,1,1.0,620.399,518.837,518.837,hit
6f8baadb1bdf,factual-002,3,6,1,1,1,1.0,623.27,506.61,506.61,hit
6f8baadb1bdf,factual-002,3,7,1,1,1,1.0,618.638,512.714,512.714,hit
6f8baadb1bdf,factual-002,3,8,1,1,1,1.0,617.421,507.928,507.928,hit
6f8baadb1bdf,factual-002,3,9,1,1,1,1.0,617.411,602.4,602.4,hit
6f8baadb1bdf,factual-002,3,10,2,2,2,1.0,3309.752,613.737,613.737,hit
6f8baadb1bdf,factual-002,3,11,2,2,2,1.0,3289.846,614.945,614.945,hit
6f8baadb1bdf,factual-002,3,12,2,2,2,1.0,3340.646,615.609,615.609,hit
6f8baadb1bdf,factual-002,3,13,2,2,2,1.0,3270.618,616.902,616.902,hit
6f8baadb1bdf,factual-002,3,14,2,2,2,1.0,3337.932,625.865,625.865,hit
6f8baadb1bdf,factual-002,3,15,2,2,2,1.0,3277.129,653.804,653.804,hit
6f8baadb1bdf,factual-002,3,16,2,2,2,1.0,3261.167,700.077,700.077,hit
6f8baadb1bdf,factual-002,3,17,2,2,2,1.0,3277.67,630.689,630.689,hit
6f8baadb1bdf,factual-002,3,18,2,2,2,1.0,3267.478,617.348,617.348,hit
6f8baadb1bdf,factual-002,3,19,2,2,2,1.0,3274.708,624.318,624.318,hit
fcb4ed98b3a4,instruct-001,3,0,0,3,3,0.0,3012.134,630.515,630.515,miss
fcb4ed98b3a4,instruct-001,3,1,0,3,3,0.0,3372.405,659.222,659.222,miss
fcb4ed98b3a4,instruct-001,3,2,0,3,3,0.0,3313.154,625.995,625.995,miss
fcb4ed98b3a4,instruct-001,3,3,0,1,1,0.0,619.15,183.672,183.672,miss
fcb4ed98b3a4,instruct-001,3,4,0,1,1,0.0,680.567,186.274,186.274,miss
fcb4ed98b3a4,instruct-001,3,5,0,1,1,0.0,619.176,184.821,184.821,miss
fcb4ed98b3a4,instruct-001,3,6,0,1,1,0.0,623.313,181.247,181.247,miss
fcb4ed98b3a4,instruct-001,3,7,1,1,1,1.0,614.588,187.191,187.191,unknown
fcb4ed98b3a4,instruct-001,3,8,1,1,1,1.0,627.851,186.541,186.541,unknown
fcb4ed98b3a4,instruct-001,3,9,1,1,1,1.0,618.267,183.857,183.857,unknown
fcb4ed98b3a4,instruct-001,3,10,1,1,1,1.0,630.363,186.188,186.188,unknown
fcb4ed98b3a4,instruct-001,3,11,1,1,1,1.0,628.564,191.084,191.084,miss
fcb4ed98b3a4,instruct-001,3,12,1,1,1,1.0,619.691,179.687,179.687,unknown
fcb4ed98b3a4,instruct-001,3,13,2,2,2,1.0,3263.86,525.591,525.591,hit
fcb4ed98b3a4,instruct-001,3,14,1,1,1,1.0,622.204,621.481,621.481,hit
fcb4ed98b3a4,instruct-001,3,15,2,2,2,1.0,3290.393,623.5,623.5,hit
fcb4ed98b3a4,instruct-001,3,16,2,2,2,1.0,3277.126,678.032,678.032,hit
fcb4ed98b3a4,instruct-001,3,17,2,2,2,1.0,3272.979,634.28,634.28,hit
fcb4ed98b3a4,instruct-001,3,18,2,2,2,1.0,3271.976,673.589,673.589,hit
fcb4ed98b3a4,instruct-001,3,19,2,2,2,1.0,3294.716,679.062,679.062,hit
4bcf490a10f4,instruct-002,3,0,0,3,3,0.0,3043.442,625.566,625.566,miss
4bcf490a10f4,instruct-002,3,1,0,3,3,0.0,3306.49,626.532,626.532,miss
4bcf490a10f4,instruct-002,3,2,0,3,3,0.0,3293.319,625.321,625.321,miss
4bcf490a10f4,instruct-002,3,3,0,1,1,0.0,632.607,182.258,182.258,miss
4bcf490a10f4,instruct-002,3,4,1,1,1,1.0,628.869,185.593,185.593,unknown
4bcf490a10f4,instruct-002,3,5,1,1,1,1.0,624.202,184.639,184.639,unknown
4bcf490a10f4,instruct-002,3,6,1,1,1,1.0,627.034,188.646,188.646,unknown
4bcf490a10f4,instruct-002,3,7,1,1,1,1.0,620.356,188.264,188.264,miss
4bcf490a10f4,instruct-002,3,8,0,1,1,0.0,630.457,172.507,172.507,miss
4bcf490a10f4,instruct-002,3,9,1,1,1,1.0,628.73,178.891,178.891,miss
4bcf490a10f4,instruct-002,3,10,1,1,1,1.0,634.274,178.831,178.831,unknown
4bcf490a10f4,instruct-002,3,11,1,1,1,1.0,619.501,189.474,189.474,unknown
4bcf490a10f4,instruct-002,3,12,0,1,1,0.0,731.54,268.098,268.098,miss
4bcf490a10f4,instruct-002,3,13,0,1,1,0.0,636.618,189.211,189.211,miss
4bcf490a10f4,instruct-002,3,14,1,1,1,1.0,660.85,185.242,185.242,miss
4bcf490a10f4,instruct-002,3,15,0,1,1,0.0,626.028,183.106,183.106,miss
4bcf490a10f4,instruct-002,3,16,1,1,1,1.0,633.193,187.051,187.051,unknown
4bcf490a10f4,instruct-002,3,17,1,1,1,1.0,638.376,185.59,185.59,unknown
4bcf490a10f4,instruct-002,3,18,1,1,1,1.0,636.708,192.954,192.955,unknown
4bcf490a10f4,instruct-002,3,19,1,1,1,1.0,630.9,184.663,184.663,unknown
fc8122513acb,reasoning-001,3,0,0,3,3,0.0,3014.666,625.428,625.428,miss
fc8122513acb,reasoning-001,3,1,0,3,3,0.0,3306.728,635.45,635.45,miss
fc8122513acb,reasoning-001,3,2,0,3,3,0.0,3288.45,653.215,653.215,miss
fc8122513acb,reasoning-001,3,3,0,1,1,0.0,666.667,215.701,215.701,miss
fc8122513acb,reasoning-001,3,4,0,1,1,0.0,624.518,185.325,185.325,miss
fc8122513acb,reasoning-001,3,5,1,1,1,1.0,618.765,190.345,190.345,unknown
fc8122513acb,reasoning-001,3,6,1,1,1,1.0,629.053,284.501,284.501,unknown
fc8122513acb,reasoning-001,3,7,1,1,1,1.0,617.242,190.526,190.526,unknown
fc8122513acb,reasoning-001,3,8,1,1,1,1.0,650.471,189.717,189.717,unknown
fc8122513acb,reasoning-001,3,9,0,1,1,0.0,621.563,184.573,184.573,miss
fc8122513acb,reasoning-001,3,10,1,1,1,1.0,625.107,188.981,188.981,unknown
fc8122513acb,reasoning-001,3,11,1,1,1,1.0,614.707,182.372,182.372,unknown
fc8122513acb,reasoning-001,3,12,1,1,1,1.0,636.965,186.437,186.437,unknown
fc8122513acb,reasoning-001,3,13,1,1,1,1.0,625.137,186.585,186.585,miss
fc8122513acb,reasoning-001,3,14,1,1,1,1.0,655.089,189.475,189.475,unknown
fc8122513acb,reasoning-001,3,15,2,2,2,1.0,3272.17,536.268,536.268,hit
fc8122513acb,reasoning-001,3,16,0,1,1,0.0,616.442,604.036,604.036,miss
fc8122513acb,reasoning-001,3,17,3,3,3,1.0,3345.091,646.472,646.472,hit
fc8122513acb,reasoning-001,3,18,2,2,2,1.0,3269.173,605.033,605.033,hit
fc8122513acb,reasoning-001,3,19,2,2,2,1.0,3342.629,621.365,621.365,hit
9e2c47e1d711,reasoning-002,3,0,0,3,3,0.0,3043.187,628.374,628.374,miss
9e2c47e1d711,reasoning-002,3,1,0,3,3,0.0,3373.614,627.459,627.459,miss
9e2c47e1d711,reasoning-002,3,2,0,3,3,0.0,3326.276,625.097,625.097,miss
9e2c47e1d711,reasoning-002,3,3,0,1,1,0.0,626.032,189.174,189.174,miss
9e2c47e1d711,reasoning-002,3,4,0,1,1,0.0,629.327,173.507,173.507,miss
9e2c47e1d711,reasoning-002,3,5,1,1,1,1.0,658.888,184.975,184.975,unknown
9e2c47e1d711,reasoning-002,3,6,1,1,1,1.0,684.709,185.416,185.416,unknown
9e2c47e1d711,reasoning-002,3,7,1,1,1,1.0,630.562,184.264,184.264,unknown
9e2c47e1d711,reasoning-002,3,8,1,1,1,1.0,628.514,187.121,187.121,miss
9e2c47e1d711,reasoning-002,3,9,0,1,1,0.0,626.516,183.632,183.632,miss
9e2c47e1d711,reasoning-002,3,10,1,1,1,1.0,687.716,179.431,179.431,unknown
9e2c47e1d711,reasoning-002,3,11,1,1,1,1.0,699.382,266.629,266.629,unknown
9e2c47e1d711,reasoning-002,3,12,1,1,1,1.0,620.342,160.284,160.284,miss
9e2c47e1d711,reasoning-002,3,13,1,1,1,1.0,620.371,229.609,229.609,unknown
9e2c47e1d711,reasoning-002,3,14,1,1,1,1.0,630.677,186.595,186.595,unknown
9e2c47e1d711,reasoning-002,3,15,2,2,2,1.0,3284.337,523.92,523.92,hit
9e2c47e1d711,reasoning-002,3,16,1,1,1,1.0,638.135,612.934,612.934,miss
9e2c47e1d711,reasoning-002,3,17,1,3,3,0.3333,3323.179,627.59,627.59,miss
9e2c47e1d711,reasoning-002,3,18,3,3,3,1.0,3341.768,699.25,699.25,hit
9e2c47e1d711,reasoning-002,3,19,1,2,2,0.5,3271.626,599.528,599.528,miss
06aa8604f84f,generation-001,3,0,0,3,3,0.0,2995.831,617.653,617.653,miss
06aa8604f84f,generation-001,3,1,0,3,3,0.0,3303.679,627.267,627.267,miss
06aa8604f84f,generation-001,3,2,3,3,3,1.0,3381.409,621.234,621.234,miss
06aa8604f84f,generation-001,3,3,2,2,2,1.0,3279.42,532.623,532.623,hit
06aa8604f84f,generation-001,3,4,0,1,1,0.0,621.708,421.609,421.609,miss
06aa8604f84f,generation-001,3,5,0,1,1,0.0,620.582,186.268,186.268,miss
06aa8604f84f,generation-001,3,6,1,1,1,1.0,619.03,163.416,163.416,unknown
06aa8604f84f,generation-001,3,7,1,1,1,1.0,618.389,184.143,184.143,unknown
06aa8604f84f,generation-001,3,8,1,1,1,1.0,642.102,183.882,183.882,unknown
06aa8604f84f,generation-001,3,9,1,1,1,1.0,701.825,202.585,202.585,unknown
06aa8604f84f,generation-001,3,10,1,1,1,1.0,630.523,207.925,207.925,unknown
06aa8604f84f,generation-001,3,11,1,1,1,1.0,619.572,184.74,184.74,miss
06aa8604f84f,generation-001,3,12,0,2,2,0.0,3321.005,538.721,538.721,miss
06aa8604f84f,generation-001,3,13,1,2,2,0.5,3295.931,530.098,530.098,miss
06aa8604f84f,generation-001,3,14,0,2,2,0.0,3294.017,513.795,513.795,miss
06aa8604f84f,generation-001,3,15,1,1,1,1.0,616.67,162.116,162.116,unknown
06aa8604f84f,generation-001,3,16,1,1,1,1.0,618.002,212.913,212.913,miss
06aa8604f84f,generation-001,3,17,0,1,1,0.0,621.65,187.554,187.554,miss
06aa8604f84f,generation-001,3,18,0,1,1,0.0,630.256,274.135,274.135,miss
06aa8604f84f,generation-001,3,19,1,1,1,1.0,706.099,178.29,178.29,unknown
0fd8216f68db,generation-002,3,0,0,3,3,0.0,3001.757,624.794,624.794,miss
0fd8216f68db,generation-002,3,1,0,3,3,0.0,3330.47,620.678,620.678,miss
0fd8216f68db,generation-002,3,2,1,3,3,0.3333,3332.006,622.212,622.212,miss
0fd8216f68db,generation-002,3,3,1,1,1,1.0,633.084,175.543,175.543,miss
0fd8216f68db,generation-002,3,4,1,1,1,1.0,630.005,187.565,187.565,unknown
0fd8216f68db,generation-002,3,5,1,1,1,1.0,624.159,224.108,224.108,unknown
0fd8216f68db,generation-002,3,6,1,1,1,1.0,624.651,234.743,234.742,unknown
0fd8216f68db,generation-002,3,7,1,1,1,1.0,674.112,190.132,190.132,unknown
0fd8216f68db,generation-002,3,8,2,2,2,1.0,3368.596,536.556,536.556,hit
0fd8216f68db,generation-002,3,9,1,1,1,1.0,625.419,615.185,615.185,hit
0fd8216f68db,generation-002,3,10,1,2,2,0.5,3363.34,618.36,618.36,miss
0fd8216f68db,generation-002,3,11,3,3,3,1.0,3295.757,626.148,626.148,hit
0fd8216f68db,generation-002,3,12,2,2,2,1.0,3282.414,623.165,623.165,hit
0fd8216f68db,generation-002,3,13,2,2,2,1.0,3275.329,620.826,620.826,hit
0fd8216f68db,generation-002,3,14,2,2,2,1.0,3352.423,630.975,630.975,hit
0fd8216f68db,generation-002,3,15,2,2,2,1.0,3375.573,643.465,643.465,hit
0fd8216f68db,generation-002,3,16,2,2,2,1.0,3377.946,714.076,714.076,hit
0fd8216f68db,generation-002,3,17,2,2,2,1.0,3378.529,612.948,612.948,hit
0fd8216f68db,generation-002,3,18,2,2,2,1.0,3366.703,626.857,626.857,hit
0fd8216f68db,generation-002,3,19,2,2,2,1.0,3287.212,626.374,626.374,hit
6302ff2b2578,code-001,3,0,1,3,3,0.3333,3042.306,627.31,627.31,miss
6302ff2b2578,code-001,3,1,2,3,3,0.6667,3283.865,606.907,606.907,miss
6302ff2b2578,code-001,3,2,3,3,3,1.0,3279.828,668.894,668.894,hit
6302ff2b2578,code-001,3,3,2,2,2,1.0,3324.412,609.335,609.335,hit
6302ff2b2578,code-001,3,4,2,2,2,1.0,3276.777,616.071,616.071,miss
6302ff2b2578,code-001,3,5,1,3,3,0.3333,3277.752,622.541,622.541,miss
6302ff2b2578,code-001,3,6,3,3,3,1.0,3345.797,623.291,623.291,hit
6302ff2b2578,code-001,3,7,2,2,2,1.0,3279.551,612.593,612.593,hit
6302ff2b2578,code-001,3,8,2,2,2,1.0,3267.377,609.595,609.595,hit
6302ff2b2578,code-001,3,9,0,2,2,0.0,3262.632,613.361,613.361,miss
6302ff2b2578,code-001,3,10,3,3,3,1.0,3277.53,617.428,617.428,hit
6302ff2b2578,code-001,3,11,2,2,2,1.0,3278.046,614.754,614.754,hit
6302ff2b2578,code-001,3,12,0,2,2,0.0,3279.352,609.81,609.81,miss
6302ff2b2578,code-001,3,13,3,3,3,1.0,3378.012,624.866,624.866,hit
6302ff2b2578,code-001,3,14,2,2,2,1.0,3264.662,620.207,620.207,hit
6302ff2b2578,code-001,3,15,2,2,2,1.0,3287.531,614.395,614.395,miss
6302ff2b2578,code-001,3,16,0,3,3,0.0,3275.994,616.787,616.787,miss
6302ff2b2578,code-001,3,17,0,3,3,0.0,3292.874,624.447,624.448,miss
6302ff2b2578,code-001,3,18,3,3,3,1.0,3481.772,766.745,766.745,hit
6302ff2b2578,code-001,3,19,2,2,2,1.0,3377.738,633.963,633.963,miss
45166476ac51,code-002,3,0,0,3,3,0.0,3071.008,717.544,717.544,miss
45166476ac51,code-002,3,1,0,3,3,0.0,3373.645,652.653,652.653,miss
45166476ac51,code-002,3,2,3,3,3,1.0,3279.73,623.074,623.074,hit
45166476ac51,code-002,3,3,2,2,2,1.0,3304.443,497.246,497.246,hit
45166476ac51,code-002,3,4,1,1,1,1.0,625.83,415.956,415.956,unknown
45166476ac51,code-002,3,5,1,1,1,1.0,697.653,231.122,231.122,unknown
45166476ac51,code-002,3,6,0,1,1,0.0,717.204,187.47,187.47,miss
45166476ac51,code-002,3,7,0,1,1,0.0,616.73,182.054,182.054,miss
45166476ac51,code-002,3,8,1,1,1,1.0,617.242,188.077,188.077,unknown
45166476ac51,code-002,3,9,1,1,1,1.0,626.069,188.659,188.659,miss
45166476ac51,code-002,3,10,1,1,1,1.0,608.809,186.236,186.236,unknown
45166476ac51,code-002,3,11,1,1,1,1.0,618.739,188.851,188.851,unknown
45166476ac51,code-002,3,12,1,1,1,1.0,618.572,186.388,186.388,unknown
45166476ac51,code-002,3,13,0,1,1,0.0,623.245,184.69,184.69,miss
45166476ac51,code-002,3,14,0,1,1,0.0,616.644,184.548,184.548,miss
45166476ac51,code-002,3,15,1,1,1,1.0,618.302,185.188,185.188,unknown
45166476ac51,code-002,3,16,1,1,1,1.0,642.46,181.647,181.647,unknown
45166476ac51,code-002,3,17,0,1,1,0.0,662.095,187.222,187.222,miss
45166476ac51,code-002,3,18,1,1,1,1.0,620.581,182.797,182.797,unknown
45166476ac51,code-002,3,19,1,1,1,1.0,619.564,186.787,186.787,unknown
ade841719138,longform-001,3,0,0,3,3,0.0,3012.318,617.597,617.597,miss
ade841719138,longform-001,3,1,2,3,3,0.6667,3357.657,628.522,628.522,miss
ade841719138,longform-001,3,2,1,3,3,0.3333,3319.465,621.717,621.717,miss
ade841719138,longform-001,3,3,2,2,2,1.0,3276.02,511.757,511.757,hit
ade841719138,longform-001,3,4,1,1,1,1.0,623.987,427.447,427.447,unknown
ade841719138,longform-001,3,5,0,1,1,0.0,618.558,195.418,195.418,miss
ade841719138,longform-001,3,6,0,1,1,0.0,641.611,184.692,184.692,miss
ade841719138,longform-001,3,7,1,1,1,1.0,620.116,190.759,190.759,unknown
ade841719138,longform-001,3,8,0,1,1,0.0,632.386,199.097,199.097,miss
ade841719138,longform-001,3,9,0,1,1,0.0,613.331,183.846,183.846,miss
ade841719138,longform-001,3,10,1,1,1,1.0,625.964,188.378,188.378,unknown
ade841719138,longform-001,3,11,1,1,1,1.0,617.06,183.573,183.573,unknown
ade841719138,longform-001,3,12,0,1,1,0.0,618.751,184.317,184.317,miss
ade841719138,longform-001,3,13,0,1,1,0.0,614.176,191.07,191.07,miss
ade841719138,longform-001,3,14,1,1,1,1.0,621.149,192.212,192.212,unknown
ade841719138,longform-001,3,15,1,1,1,1.0,617.948,188.447,188.447,unknown
ade841719138,longform-001,3,16,1,1,1,1.0,629.151,188.426,188.426,unknown
ade841719138,longform-001,3,17,1,1,1,1.0,624.058,187.046,187.046,miss
ade841719138,longform-001,3,18,1,1,1,1.0,624.687,189.4,189.4,unknown
ade841719138,longform-001,3,19,1,1,1,1.0,611.955,185.152,185.152,unknown
3302b78f4570,longform-002,3,0,0,3,3,0.0,3058.392,616.731,616.731,miss
3302b78f4570,longform-002,3,1,0,3,3,0.0,3415.123,623.718,623.718,miss
3302b78f4570,longform-002,3,2,0,3,3,0.0,3383.524,623.832,623.832,miss
3302b78f4570,longform-002,3,3,0,1,1,0.0,624.817,187.726,187.726,miss
3302b78f4570,longform-002,3,4,1,1,1,1.0,623.587,188.239,188.239,miss
3302b78f4570,longform-002,3,5,1,1,1,1.0,618.752,188.234,188.234,miss
3302b78f4570,longform-002,3,6,1,1,1,1.0,618.542,184.867,184.867,miss
3302b78f4570,longform-002,3,7,1,1,1,1.0,615.196,186.946,186.946,unknown
3302b78f4570,longform-002,3,8,1,1,1,1.0,616.745,183.086,183.086,unknown
3302b78f4570,longform-002,3,9,1,1,1,1.0,617.373,188.875,188.875,unknown
3302b78f4570,longform-002,3,10,2,2,2,1.0,3304.292,541.943,541.943,hit
3302b78f4570,longform-002,3,11,1,1,1,1.0,618.949,610.164,610.164,hit
3302b78f4570,longform-002,3,12,2,2,2,1.0,3297.066,620.627,620.627,hit
3302b78f4570,longform-002,3,13,2,2,2,1.0,3305.218,615.595,615.595,hit
3302b78f4570,longform-002,3,14,2,2,2,1.0,3302.109,629.515,629.515,miss
3302b78f4570,longform-002,3,15,3,3,3,1.0,3394.115,622.174,622.174,hit
3302b78f4570,longform-002,3,16,2,2,2,1.0,3291.452,619.385,619.385,hit
3302b78f4570,longform-002,3,17,2,2,2,1.0,3417.163,613.406,613.406,hit
3302b78f4570,longform-002,3,18,2,2,2,1.0,3302.683,704.446,704.446,hit
3302b78f4570,longform-002,3,19,2,2,2,1.0,3274.965,652.743,652.743,hit
ccf2bd663aea,instruct-001,5,0,0,5,5,0.0,3047.422,863.845,863.845,miss
ccf2bd663aea,instruct-001,5,1,0,5,5,0.0,3305.212,834.349,834.349,miss
ccf2bd663aea,instruct-001,5,2,0,5,5,0.0,3333.445,828.463,828.463,miss
ccf2bd663aea,instruct-001,5,3,0,3,3,0.0,3312.337,627.292,627.292,miss
ccf2bd663aea,instruct-001,5,4,0,3,3,0.0,3286.777,623.455,623.455,miss
ccf2bd663aea,instruct-001,5,5,0,3,3,0.0,3290.416,632.619,632.619,miss
ccf2bd663aea,instruct-001,5,6,0,3,3,0.0,3291.582,690.848,690.848,miss
ccf2bd663aea,instruct-001,5,7,3,3,3,1.0,3353.42,633.915,633.915,hit
ccf2bd663aea,instruct-001,5,8,2,2,2,1.0,3315.425,645.047,645.047,hit
ccf2bd663aea,instruct-001,5,9,2,2,2,1.0,3276.36,622.568,622.568,miss
ccf2bd663aea,instruct-001,5,10,3,3,3,1.0,3271.982,630.132,630.132,hit
ccf2bd663aea,instruct-001,5,11,2,2,2,1.0,3334.016,706.373,706.373,hit
ccf2bd663aea,instruct-001,5,12,2,2,2,1.0,3279.235,648.336,648.336,hit
ccf2bd663aea,instruct-001,5,13,2,2,2,1.0,3284.064,734.318,734.318,hit
ccf2bd663aea,instruct-001,5,14,3,3,3,1.0,3312.286,831.895,831.895,hit
ccf2bd663aea,instruct-001,5,15,4,4,4,1.0,3307.734,904.667,904.667,hit
ccf2bd663aea,instruct-001,5,16,0,4,4,0.0,3305.463,865.069,865.069,miss
ccf2bd663aea,instruct-001,5,17,0,5,5,0.0,3281.707,834.263,834.263,miss
ccf2bd663aea,instruct-001,5,18,2,5,5,0.4,3323.047,835.202,835.202,miss
ccf2bd663aea,instruct-001,5,19,0,5,5,0.0,3377.467,844.434,844.434,miss
c8294a6f7023,instruct-002,5,0,0,5,5,0.0,3039.357,877.277,877.277,miss
c8294a6f7023,instruct-002,5,1,0,5,5,0.0,3305.854,894.079,894.079,miss
c8294a6f7023,instruct-002,5,2,0,5,5,0.0,3375.86,826.141,826.141,miss
c8294a6f7023,instruct-002,5,3,0,3,3,0.0,3283.916,629.397,629.397,miss
c8294a6f7023,instruct-002,5,4,3,3,3,1.0,3286.563,628.157,628.157,hit
c8294a6f7023,instruct-002,5,5,2,2,2,1.0,3270.471,594.49,594.49,hit
c8294a6f7023,instruct-002,5,6,0,2,2,0.0,3300.077,619.871,619.871,miss
c8294a6f7023,instruct-002,5,7,0,1,1,0.0,659.656,404.993,404.993,miss
c8294a6f7023,instruct-002,5,8,1,3,3,0.3333,3298.938,631.112,631.112,miss
c8294a6f7023,instruct-002,5,9,3,3,3,1.0,3284.422,627.954,627.954,hit
c8294a6f7023,instruct-002,5,10,0,2,2,0.0,3272.638,626.212,626.212,miss
c8294a6f7023,instruct-002,5,11,0,3,3,0.0,3313.776,655.401,655.401,miss
c8294a6f7023,instruct-002,5,12,1,3,3,0.3333,3282.109,632.046,632.046,miss
c8294a6f7023,instruct-002,5,13,0,3,3,0.0,3328.761,629.176,629.175,miss
c8294a6f7023,instruct-002,5,14,3,3,3,1.0,3318.634,662.149,662.149,hit
c8294a6f7023,instruct-002,5,15,2,2,2,1.0,3308.94,681.938,681.938,hit
c8294a6f7023,instruct-002,5,16,2,2,2,1.0,3278.656,648.22,648.22,hit
c8294a6f7023,instruct-002,5,17,0,2,2,0.0,3265.709,621.027,621.027,miss
c8294a6f7023,instruct-002,5,18,2,2,2,1.0,3280.189,529.56,529.56,hit
c8294a6f7023,instruct-002,5,19,1,1,1,1.0,623.838,623.118,623.118,hit
67691e1b4fea,reasoning-001,5,0,0,5,5,0.0,3048.818,832.711,832.711,miss
67691e1b4fea,reasoning-001,5,1,0,5,5,0.0,3305.4,836.018,836.018,miss
67691e1b4fea,reasoning-001,5,2,0,5,5,0.0,3296.662,908.325,908.325,miss
67691e1b4fea,reasoning-001,5,3,0,3,3,0.0,3304.698,634.831,634.831,miss
67691e1b4fea,reasoning-001,5,4,0,3,3,0.0,3288.329,642.608,642.608,miss
67691e1b4fea,reasoning-001,5,5,3,3,3,1.0,3287.876,633.586,633.586,hit
67691e1b4fea,reasoning-001,5,6,2,2,2,1.0,3304.006,669.187,669.187,hit
67691e1b4fea,reasoning-001,5,7,1,2,2,0.5,3286.481,624.517,624.517,miss
67691e1b4fea,reasoning-001,5,8,3,3,3,1.0,3284.288,643.329,643.329,hit
67691e1b4fea,reasoning-001,5,9,2,2,2,1.0,3281.033,631.718,631.718,hit
67691e1b4fea,reasoning-001,5,10,0,2,2,0.0,3306.333,627.671,627.671,miss
67691e1b4fea,reasoning-001,5,11,3,3,3,1.0,3293.13,636.02,636.02,hit
67691e1b4fea,reasoning-001,5,12,1,2,2,0.5,3328.857,648.88,648.88,miss
67691e1b4fea,reasoning-001,5,13,3,3,3,1.0,3295.108,715.677,715.677,hit
67691e1b4fea,reasoning-001,5,14,2,2,2,1.0,3457.012,628.178,628.178,hit
67691e1b4fea,reasoning-001,5,15,2,2,2,1.0,3281.387,715.531,715.531,hit
67691e1b4fea,reasoning-001,5,16,0,2,2,0.0,3284.7,628.161,628.161,miss
67691e1b4fea,reasoning-001,5,17,3,3,3,1.0,3283.653,701.862,701.862,miss
67691e1b4fea,reasoning-001,5,18,3,3,3,1.0,3285.959,891.562,891.562,hit
67691e1b4fea,reasoning-001,5,19,2,2,2,1.0,3280.352,624.754,624.754,hit
63d72644a63d,reasoning-002,5,0,0,5,5,0.0,3053.518,835.577,835.577,miss
63d72644a63d,reasoning-002,5,1,0,5,5,0.0,3284.171,797.831,797.831,miss
63d72644a63d,reasoning-002,5,2,0,5,5,0.0,3292.885,831.866,831.866,miss
63d72644a63d,reasoning-002,5,3,0,3,3,0.0,3337.834,649.509,649.509,miss
63d72644a63d,reasoning-002,5,4,0,3,3,0.0,3312.966,625.521,625.521,miss
63d72644a63d,reasoning-002,5,5,3,3,3,1.0,3262.66,647.997,647.997,hit
63d72644a63d,reasoning-002,5,6,2,2,2,1.0,3269.275,627.657,627.657,hit
63d72644a63d,reasoning-002,5,7,0,2,2,0.0,3308.425,631.977,631.977,miss
63d72644a63d,reasoning-002,5,8,0,3,3,0.0,3346.963,732.404,732.404,miss
63d72644a63d,reasoning-002,5,9,3,3,3,1.0,3264.984,627.197,627.197,hit
63d72644a63d,reasoning-002,5,10,1,2,2,0.5,3302.201,647.562,647.562,miss
63d72644a63d,reasoning-002,5,11,3,3,3,1.0,3287.517,664.73,664.73,hit
63d72644a63d,reasoning-002,5,12,2,2,2,1.0,3287.412,637.849,637.849,hit
63d72644a63d,reasoning-002,5,13,1,2,2,0.5,3280.15,626.734,626.734,miss
63d72644a63d,reasoning-002,5,14,1,3,3,0.3333,3361.764,607.539,607.539,miss
63d72644a63d,reasoning-002,5,15,3,3,3,1.0,3448.421,633.293,633.293,hit
63d72644a63d,reasoning-002,5,16,1,2,2,0.5,3357.852,632.973,632.973,miss
63d72644a63d,reasoning-002,5,17,0,3,3,0.0,3279.698,642.281,642.281,miss
63d72644a63d,reasoning-002,5,18,2,2,2,1.0,3268.072,532.155,532.155,hit
63d72644a63d,reasoning-002,5,19,1,1,1,1.0,621.812,423.498,423.498,unknown
d1a256abba4d,generation-001,5,0,0,5,5,0.0,3023.346,902.877,902.877,miss
d1a256abba4d,generation-001,5,1,0,5,5,0.0,3321.684,822.064,822.064,miss
d1a256abba4d,generation-001,5,2,3,5,5,0.6,3323.449,819.044,819.044,miss
d1a256abba4d,generation-001,5,3,4,4,4,1.0,3358.964,767.18,767.18,hit
d1a256abba4d,generation-001,5,4,0,3,3,0.0,3348.656,786.879,786.879,miss
d1a256abba4d,generation-001,5,5,1,4,4,0.25,3348.435,765.174,765.174,miss
d1a256abba4d,generation-001,5,6,2,4,4,0.5,3300.346,747.32,747.32,miss
d1a256abba4d,generation-001,5,7,4,4,4,1.0,3258.313,732.089,732.089,miss
d1a256abba4d,generation-001,5,8,1,4,4,0.25,3281.814,817.586,817.586,miss
d1a256abba4d,generation-001,5,9,0,4,4,0.0,3301.059,729.699,729.699,miss
d1a256abba4d,generation-001,5,10,0,4,4,0.0,3395.042,724.208,724.208,miss
d1a256abba4d,generation-001,5,11,2,4,4,0.5,3334.017,932.386,932.386,miss
d1a256abba4d,generation-001,5,12,2,4,4,0.5,3292.221,746.356,746.356,miss
d1a256abba4d,generation-001,5,13,0,4,4,0.0,3370.377,809.054,809.055,miss
d1a256abba4d,generation-001,5,14,0,4,4,0.0,3402.341,746.733,746.733,miss
d1a256abba4d,generation-001,5,15,3,4,4,0.75,3387.913,725.765,725.765,miss
d1a256abba4d,generation-001,5,16,0,4,4,0.0,3288.447,724.504,724.504,miss
d1a256abba4d,generation-001,5,17,0,4,4,0.0,3293.448,735.251,735.251,unknown
622a681624b8,generation-002,5,0,0,5,5,0.0,3041.485,870.762,870.762,miss
622a681624b8,generation-002,5,1,0,5,5,0.0,3335.935,841.707,841.707,miss
622a681624b8,generation-002,5,2,1,5,5,0.2,3322.68,882.542,882.542,miss
622a681624b8,generation-002,5,3,1,3,3,0.3333,3301.965,636.319,636.319,miss
622a681624b8,generation-002,5,4,3,3,3,1.0,3317.474,655.535,655.535,hit
622a681624b8,generation-002,5,5,2,2,2,1.0,3338.23,623.269,623.269,hit
622a681624b8,generation-002,5,6,2,2,2,1.0,3374.665,623.869,623.869,hit
622a681624b8,generation-002,5,7,2,2,2,1.0,3313.752,631.511,631.511,hit
622a681624b8,generation-002,5,8,1,2,2,0.5,3322.903,633.832,633.832,miss
622a681624b8,generation-002,5,9,3,3,3,1.0,3275.87,611.031,611.031,hit
622a681624b8,generation-002,5,10,2,2,2,1.0,3262.463,607.88,607.88,hit
622a681624b8,generation-002,5,11,2,2,2,1.0,3292.355,642.098,642.098,hit
622a681624b8,generation-002,5,12,2,2,2,1.0,3286.674,744.619,744.619,hit
622a681624b8,generation-002,5,13,3,3,3,1.0,3397.432,931.785,931.785,hit
622a681624b8,generation-002,5,14,4,4,4,1.0,3377.067,838.558,838.558,hit
622a681624b8,generation-002,5,15,4,4,4,1.0,3302.025,919.173,919.172,hit
622a681624b8,generation-002,5,16,4,4,4,1.0,3349.336,847.876,847.876,hit
622a681624b8,generation-002,5,17,1,4,4,0.25,3375.94,919.215,919.215,miss
622a681624b8,generation-002,5,18,0,5,5,0.0,3376.42,838.895,838.895,miss
622a681624b8,generation-002,5,19,5,5,5,1.0,3320.004,830.651,830.651,hit
715e700c8966,code-001,5,0,1,5,5,0.2,3157.295,869.664,869.664,miss
715e700c8966,code-001,5,1,2,5,5,0.4,3307.956,843.285,843.285,miss
715e700c8966,code-001,5,2,5,5,5,1.0,3297.522,828.934,828.934,hit
715e700c8966,code-001,5,3,3,4,4,0.75,3310.316,840.303,840.303,miss
715e700c8966,code-001,5,4,1,5,5,0.2,3372.113,986.425,986.425,miss
715e700c8966,code-001,5,5,4,4,4,1.0,3307.136,739.223,739.223,miss
715e700c8966,code-001,5,6,0,4,4,0.0,3376.97,739.312,739.312,miss
715e700c8966,code-001,5,7,3,3,3,1.0,3385.075,719.606,719.606,hit
715e700c8966,code-001,5,8,2,2,2,1.0,3292.366,541.463,541.463,miss
715e700c8966,code-001,5,9,1,1,1,1.0,631.219,185.406,185.406,unknown
715e700c8966,code-001,5,10,1,1,1,1.0,638.885,181.777,181.777,miss
715e700c8966,code-001,5,11,0,1,1,0.0,624.976,186.403,186.403,miss
715e700c8966,code-001,5,12,1,1,1,1.0,632.547,188.994,188.994,unknown
715e700c8966,code-001,5,13,1,1,1,1.0,623.871,189.828,189.828,unknown
715e700c8966,code-001,5,14,1,1,1,1.0,626.004,190.311,190.311,unknown
715e700c8966,code-001,5,15,0,1,1,0.0,621.78,186.814,186.814,miss
715e700c8966,code-001,5,16,1,1,1,1.0,628.809,184.223,184.223,unknown
715e700c8966,code-001,5,17,0,1,1,0.0,636.895,190.391,190.391,miss
715e700c8966,code-001,5,18,0,1,1,0.0,622.701,199.102,199.102,miss
715e700c8966,code-001,5,19,1,1,1,1.0,628.962,185.108,185.108,unknown
00d64d1abde3,code-002,5,0,0,5,5,0.0,3053.552,856.961,856.961,miss
00d64d1abde3,code-002,5,1,0,5,5,0.0,3308.904,913.965,913.965,miss
00d64d1abde3,code-002,5,2,5,5,5,1.0,3445.488,886.898,886.898,hit
00d64d1abde3,code-002,5,3,4,4,4,1.0,3300.42,753.092,753.092,hit
00d64d1abde3,code-002,5,4,0,3,3,0.0,3339.003,675.696,675.696,miss
00d64d1abde3,code-002,5,5,0,2,2,0.0,3281.943,532.224,532.224,miss
00d64d1abde3,code-002,5,6,2,2,2,1.0,3291.764,529.228,529.228,hit
00d64d1abde3,code-002,5,7,0,1,1,0.0,634.061,554.839,554.839,miss
00d64d1abde3,code-002,5,8,2,2,2,1.0,3325.393,535.465,535.465,hit
00d64d1abde3,code-002,5,9,1,1,1,1.0,646.452,527.531,527.531,hit
00d64d1abde3,code-002,5,10,1,1,1,1.0,622.534,524.178,524.178,miss
00d64d1abde3,code-002,5,11,0,2,2,0.0,3276.592,530.853,530.853,miss
00d64d1abde3,code-002,5,12,1,1,1,1.0,628.768,188.173,188.173,unknown
00d64d1abde3,code-002,5,13,1,1,1,1.0,626.485,183.571,183.571,unknown
00d64d1abde3,code-002,5,14,0,1,1,0.0,712.5,188.525,188.525,miss
00d64d1abde3,code-002,5,15,1,1,1,1.0,621.214,184.663,184.663,unknown
00d64d1abde3,code-002,5,16,1,1,1,1.0,729.195,190.855,190.855,unknown
00d64d1abde3,code-002,5,17,1,1,1,1.0,628.923,186.166,186.166,unknown
00d64d1abde3,code-002,5,18,1,1,1,1.0,621.575,254.8,254.8,unknown
00d64d1abde3,code-002,5,19,1,1,1,1.0,627.163,184.536,184.536,unknown
ea69790cb3bc,longform-001,5,0,0,5,5,0.0,3051.529,819.948,819.948,miss
ea69790cb3bc,longform-001,5,1,2,5,5,0.4,3304.703,816.289,816.289,miss
ea69790cb3bc,longform-001,5,2,1,5,5,0.2,3290.786,893.922,893.922,miss
ea69790cb3bc,longform-001,5,3,4,4,4,1.0,3340.741,818.663,818.663,hit
ea69790cb3bc,longform-001,5,4,0,3,3,0.0,3313.039,751.794,751.794,miss
ea69790cb3bc,longform-001,5,5,0,4,4,0.0,3297.265,780.762,780.762,miss
ea69790cb3bc,longform-001,5,6,2,4,4,0.5,3290.885,716.885,716.885,miss
ea69790cb3bc,longform-001,5,7,0,4,4,0.0,3284.77,723.539,723.539,miss
ea69790cb3bc,longform-001,5,8,4,4,4,1.0,3286.721,726.811,726.811,miss
ea69790cb3bc,longform-001,5,9,0,4,4,0.0,3282.101,732.848,732.848,miss
ea69790cb3bc,longform-001,5,10,4,4,4,1.0,3293.924,725.707,725.707,hit
ea69790cb3bc,longform-001,5,11,2,3,3,0.6667,3398.695,879.376,879.376,miss
ea69790cb3bc,longform-001,5,12,4,4,4,1.0,3291.847,742.032,742.032,hit
ea69790cb3bc,longform-001,5,13,2,3,3,0.6667,3352.447,716.557,716.557,miss
ea69790cb3bc,longform-001,5,14,0,4,4,0.0,3402.331,739.412,739.412,miss
ea69790cb3bc,longform-001,5,15,0,4,4,0.0,3292.973,733.043,733.043,miss
ea69790cb3bc,longform-001,5,16,3,3,3,1.0,3294.222,628.078,628.078,hit
ea69790cb3bc,longform-001,5,17,1,2,2,0.5,3412.238,526.959,526.959,miss
ea69790cb3bc,longform-001,5,18,1,1,1,1.0,719.713,236.938,236.938,unknown
ea69790cb3bc,longform-001,5,19,0,1,1,0.0,624.208,184.525,184.525,miss
ac66ad86d5d9,longform-002,5,0,0,5,5,0.0,3063.345,920.635,920.635,miss
ac66ad86d5d9,longform-002,5,1,0,5,5,0.0,3413.99,853.569,853.569,miss
ac66ad86d5d9,longform-002,5,2,0,5,5,0.0,3321.66,831.733,831.733,miss
ac66ad86d5d9,longform-002,5,3,0,3,3,0.0,3291.651,625.576,625.576,miss
ac66ad86d5d9,longform-002,5,4,1,3,3,0.3333,3291.773,628.838,628.838,miss
ac66ad86d5d9,longform-002,5,5,1,3,3,0.3333,3332.673,699.853,699.853,miss
ac66ad86d5d9,longform-002,5,6,1,3,3,0.3333,3280.525,621.091,621.091,miss
ac66ad86d5d9,longform-002,5,7,3,3,3,1.0,3289.227,652.652,652.652,hit
ac66ad86d5d9,longform-002,5,8,2,2,2,1.0,3330.276,645.632,645.632,hit
ac66ad86d5d9,longform-002,5,9,2,2,2,1.0,3377.346,627.61,627.61,hit
ac66ad86d5d9,longform-002,5,10,2,2,2,1.0,3375.512,618.385,618.385,hit
ac66ad86d5d9,longform-002,5,11,2,2,2,1.0,3376.902,653.056,653.056,hit
ac66ad86d5d9,longform-002,5,12,2,2,2,1.0,3307.729,722.29,722.29,hit
ac66ad86d5d9,longform-002,5,13,0,3,3,0.0,3278.011,856.655,856.655,miss
ac66ad86d5d9,longform-002,5,14,5,5,5,1.0,3305.513,835.639,835.639,hit
ac66ad86d5d9,longform-002,5,15,4,4,4,1.0,3298.58,826.89,826.89,hit
ac66ad86d5d9,longform-002,5,16,4,4,4,1.0,3301.177,834.729,834.729,hit
ac66ad86d5d9,longform-002,5,17,4,4,4,1.0,3331.133,848.178,848.178,hit
ac66ad86d5d9,longform-002,5,18,4,4,4,1.0,3452.491,838.061,838.061,hit
ac66ad86d5d9,longform-002,5,19,4,4,4,1.0,3298.234,839.982,839.982,hit
1e6793ac10d2,factual-001,8,0,1,8,8,0.125,3070.076,1106.912,1106.912,miss
1e6793ac10d2,factual-001,8,1,4,8,8,0.5,3366.636,1128.113,1128.113,miss
1e6793ac10d2,factual-001,8,2,8,8,8,1.0,3328.913,1117.675,1117.675,hit
1e6793ac10d2,factual-001,8,3,7,7,7,1.0,3354.546,1113.308,1113.308,hit
1e6793ac10d2,factual-001,8,4,6,7,7,0.8571,3389.567,1114.219,1114.219,miss
1e6793ac10d2,factual-001,8,5,8,8,8,1.0,3423.494,1270.744,1270.744,hit
1e6793ac10d2,factual-001,8,6,7,7,7,1.0,3344.381,1107.837,1107.837,hit
1e6793ac10d2,factual-001,8,7,7,7,7,1.0,3315.239,1130.722,1130.722,hit
1e6793ac10d2,factual-001,8,8,6,7,7,0.8571,3378.963,1203.549,1203.548,miss
1e6793ac10d2,factual-001,8,9,7,8,8,0.875,3375.707,1117.633,1117.633,miss
1e6793ac10d2,factual-001,8,10,7,8,8,0.875,3334.711,1119.672,1119.672,miss
1e6793ac10d2,factual-001,8,11,8,8,8,1.0,3363.469,1112.104,1112.104,hit
1e6793ac10d2,factual-001,8,12,7,7,7,1.0,3480.763,1227.156,1227.156,hit
1e6793ac10d2,factual-001,8,13,6,7,7,0.8571,3415.875,1130.377,1130.377,miss
1e6793ac10d2,factual-001,8,14,0,8,8,0.0,3447.72,1293.157,1293.157,miss
1e6793ac10d2,factual-001,8,15,8,8,8,1.0,3339.309,1155.355,1155.355,hit
1e6793ac10d2,factual-001,8,16,7,7,7,1.0,3344.912,1193.729,1193.729,miss
1e6793ac10d2,factual-001,8,17,8,8,8,1.0,3431.325,1135.057,1135.057,hit
3464f3490769,factual-002,8,0,0,8,8,0.0,3122.14,1173.954,1173.954,miss
3464f3490769,factual-002,8,1,0,8,8,0.0,3378.582,1228.517,1228.517,miss
3464f3490769,factual-002,8,2,4,8,8,0.5,3378.092,1126.968,1126.968,miss
3464f3490769,factual-002,8,3,7,7,7,1.0,3378.748,1015.915,1015.915,hit
3464f3490769,factual-002,8,4,6,6,6,1.0,3354.056,1020.482,1020.482,hit
3464f3490769,factual-002,8,5,6,6,6,1.0,3397.73,1023.22,1023.22,hit
3464f3490769,factual-002,8,6,6,6,6,1.0,3303.716,1022.907,1022.907,hit
3464f3490769,factual-002,8,7,6,6,6,1.0,3315.304,1091.189,1091.189,hit
3464f3490769,factual-002,8,8,6,6,6,1.0,3316.326,1255.688,1255.688,hit
3464f3490769,factual-002,8,9,3,7,7,0.4286,3378.248,1109.387,1109.387,miss
3464f3490769,factual-002,8,10,6,8,8,0.75,3325.447,1134.677,1134.677,miss
3464f3490769,factual-002,8,11,8,8,8,1.0,3344.102,1152.94,1152.94,miss
3464f3490769,factual-002,8,12,8,8,8,1.0,3369.771,1118.2,1118.2,miss
3464f3490769,factual-002,8,13,8,8,8,1.0,3471.15,1175.468,1175.468,hit
3464f3490769,factual-002,8,14,7,7,7,1.0,3375.152,1113.018,1113.018,hit
3464f3490769,factual-002,8,15,7,7,7,1.0,3329.423,1230.606,1230.606,hit
3464f3490769,factual-002,8,16,2,7,7,0.2857,3323.277,1133.646,1133.646,miss
3464f3490769,factual-002,8,17,8,8,8,1.0,3301.046,1171.147,1171.147,hit
3464f3490769,factual-002,8,18,7,7,7,1.0,3398.852,1134.486,1134.486,hit
3464f3490769,factual-002,8,19,1,7,7,0.1429,3412.014,1223.661,1223.661,miss
c6eabe9a4bb4,instruct-001,8,0,0,8,8,0.0,3044.357,1211.515,1211.515,miss
c6eabe9a4bb4,instruct-001,8,1,0,8,8,0.0,3313.409,1109.968,1109.968,miss
c6eabe9a4bb4,instruct-001,8,2,0,8,8,0.0,3311.897,1148.445,1148.445,miss
c6eabe9a4bb4,instruct-001,8,3,0,6,6,0.0,3327.537,933.557,933.557,miss
c6eabe9a4bb4,instruct-001,8,4,0,6,6,0.0,3310.612,907.779,907.779,miss
c6eabe9a4bb4,instruct-001,8,5,0,6,6,0.0,3405.092,928.49,928.49,miss
c6eabe9a4bb4,instruct-001,8,6,0,6,6,0.0,3294.912,1021.724,1021.724,miss
c6eabe9a4bb4,instruct-001,8,7,6,6,6,1.0,3305.163,917.25,917.25,hit
c6eabe9a4bb4,instruct-001,8,8,2,5,5,0.4,3291.645,922.547,922.547,miss
c6eabe9a4bb4,instruct-001,8,9,6,6,6,1.0,3302.673,920.704,920.704,hit
c6eabe9a4bb4,instruct-001,8,10,5,5,5,1.0,3348.194,993.32,993.32,hit
c6eabe9a4bb4,instruct-001,8,11,5,5,5,1.0,3372.895,924.441,924.441,hit
c6eabe9a4bb4,instruct-001,8,12,3,5,5,0.6,3370.751,938.264,938.264,miss
c6eabe9a4bb4,instruct-001,8,13,0,6,6,0.0,3308.127,922.356,922.356,miss
c6eabe9a4bb4,instruct-001,8,14,2,6,6,0.3333,3390.172,931.054,931.054,miss
c6eabe9a4bb4,instruct-001,8,15,0,5,5,0.0,3299.098,829.422,829.422,miss
c6eabe9a4bb4,instruct-001,8,16,4,4,4,1.0,3283.191,727.047,727.047,hit
c6eabe9a4bb4,instruct-001,8,17,2,3,3,0.6667,3309.759,788.53,788.53,miss
c6eabe9a4bb4,instruct-001,8,18,4,4,4,1.0,3293.158,766.055,766.055,hit
c6eabe9a4bb4,instruct-001,8,19,0,3,3,0.0,3314.077,727.212,727.212,miss
ac72c0b6be35,instruct-002,8,0,0,8,8,0.0,3074.667,1125.426,1125.426,miss
ac72c0b6be35,instruct-002,8,1,0,8,8,0.0,3411.658,1158.349,1158.349,miss
ac72c0b6be35,instruct-002,8,2,0,8,8,0.0,3325.611,1127.239,1127.239,miss
ac72c0b6be35,instruct-002,8,3,0,6,6,0.0,3375.593,948.383,948.383,miss
ac72c0b6be35,instruct-002,8,4,6,6,6,1.0,3373.23,635.054,635.054,hit
ac72c0b6be35,instruct-002,8,5,0,2,2,0.0,3276.706,1021.099,1021.099,miss
ac72c0b6be35,instruct-002,8,6,0,1,1,0.0,620.088,654.733,620.088,miss
ac72c0b6be35,instruct-002,8,7,1,6,6,0.1667,3331.167,950.138,950.138,miss
ac72c0b6be35,instruct-002,8,8,4,6,6,0.6667,3323.83,935.694,935.694,miss
ac72c0b6be35,instruct-002,8,9,0,6,6,0.0,3496.185,934.959,934.959,miss
ac72c0b6be35,instruct-002,8,10,1,6,6,0.1667,3380.541,920.646,920.646,miss
ac72c0b6be35,instruct-002,8,11,0,6,6,0.0,3275.127,913.225,913.225,miss
ac72c0b6be35,instruct-002,8,12,6,6,6,1.0,3324.513,1072.72,1072.72,hit
ac72c0b6be35,instruct-002,8,13,3,5,5,0.6,3375.894,950.317,950.317,miss
ac72c0b6be35,instruct-002,8,14,5,6,6,0.8333,3379.675,1021.615,1021.615,miss
ac72c0b6be35,instruct-002,8,15,5,6,6,0.8333,3350.935,1018.507,1018.507,miss
ac72c0b6be35,instruct-002,8,16,0,6,6,0.0,3337.902,964.813,964.813,miss
ac72c0b6be35,instruct-002,8,17,0,6,6,0.0,3354.865,999.969,999.969,miss
ac72c0b6be35,instruct-002,8,18,0,5,5,0.0,3326.288,936.095,936.095,miss
ac72c0b6be35,instruct-002,8,19,0,5,5,0.0,3300.646,849.861,849.861,miss
1b4ffe59e711,reasoning-001,8,0,0,8,8,0.0,3083.036,1138.657,1138.657,miss
1b4ffe59e711,reasoning-001,8,1,0,8,8,0.0,3422.119,1167.984,1167.984,miss
1b4ffe59e711,reasoning-001,8,2,0,8,8,0.0,3327.219,1327.35,1327.35,miss
1b4ffe59e711,reasoning-001,8,3,0,6,6,0.0,3323.492,1030.059,1030.059,miss
1b4ffe59e711,reasoning-001,8,4,0,6,6,0.0,3350.849,930.397,930.397,miss
1b4ffe59e711,reasoning-001,8,5,6,6,6,1.0,3407.04,951.355,951.355,hit
1b4ffe59e711,reasoning-001,8,6,1,5,5,0.2,3378.119,1023.43,1023.43,miss
1b4ffe59e711,reasoning-001,8,7,6,6,6,1.0,3306.449,944.12,944.12,hit
1b4ffe59e711,reasoning-001,8,8,0,5,5,0.0,3392.619,1013.585,1013.585,miss
1b4ffe59e711,reasoning-001,8,9,5,6,6,0.8333,3366.513,1011.434,1011.434,miss
1b4ffe59e711,reasoning-001,8,10,5,5,5,1.0,3298.956,861.899,861.899,hit
1b4ffe59e711,reasoning-001,8,11,4,4,4,1.0,3372.601,811.031,811.031,miss
1b4ffe59e711,reasoning-001,8,12,3,4,4,0.75,3289.471,769.505,769.505,miss
1b4ffe59e711,reasoning-001,8,13,4,4,4,1.0,3322.319,764.189,764.189,hit
1b4ffe59e711,reasoning-001,8,14,3,3,3,1.0,3378.536,713.535,713.535,hit
1b4ffe59e711,reasoning-001,8,15,1,3,3,0.3333,3477.966,713.156,713.156,miss
1b4ffe59e711,reasoning-001,8,16,4,4,4,1.0,3298.598,817.816,817.816,hit
1b4ffe59e711,reasoning-001,8,17,3,3,3,1.0,3307.93,719.862,719.862,hit
1b4ffe59e711,reasoning-001,8,18,3,3,3,1.0,3322.049,864.334,864.334,hit
1b4ffe59e711,reasoning-001,8,19,3,3,3,1.0,3289.188,819.15,819.15,hit
5844d7d62806,reasoning-002,8,0,0,8,8,0.0,3074.077,1143.758,1143.758,miss
5844d7d62806,reasoning-002,8,1,0,8,8,0.0,3379.266,1124.964,1124.964,miss
5844d7d62806,reasoning-002,8,2,0,8,8,0.0,3324.375,1154.839,1154.839,miss
5844d7d62806,reasoning-002,8,3,0,6,6,0.0,3346.289,927.613,927.613,miss
5844d7d62806,reasoning-002,8,4,0,6,6,0.0,3378.207,962.016,962.016,miss
5844d7d62806,reasoning-002,8,5,6,6,6,1.0,3379.983,1022.687,1022.687,hit
5844d7d62806,reasoning-002,8,6,0,5,5,0.0,3293.156,940.073,940.073,miss
5844d7d62806,reasoning-002,8,7,0,6,6,0.0,3378.136,935.1,935.1,miss
5844d7d62806,reasoning-002,8,8,5,6,6,0.8333,3314.19,1024.832,1024.832,miss
5844d7d62806,reasoning-002,8,9,6,6,6,1.0,3302.316,1023.218,1023.218,hit
5844d7d62806,reasoning-002,8,10,1,5,5,0.2,3352.081,998.581,998.581,miss
5844d7d62806,reasoning-002,8,11,1,6,6,0.1667,3398.667,940.74,940.74,miss
5844d7d62806,reasoning-002,8,12,5,6,6,0.8333,3298.819,939.313,939.313,miss
5844d7d62806,reasoning-002,8,13,0,5,5,0.0,3308.681,829.419,829.419,miss
5844d7d62806,reasoning-002,8,14,4,4,4,1.0,3376.699,819.973,819.973,hit
5844d7d62806,reasoning-002,8,15,3,3,3,1.0,3297.339,783.253,783.253,hit
5844d7d62806,reasoning-002,8,16,3,3,3,1.0,3339.943,795.185,795.185,hit
5844d7d62806,reasoning-002,8,17,3,3,3,1.0,3392.755,769.65,769.65,hit
5844d7d62806,reasoning-002,8,18,2,3,3,0.6667,3376.789,421.742,421.742,miss
5844d7d62806,reasoning-002,8,19,2,4,4,0.5,3403.497,841.847,841.847,miss
f3aa19337a79,generation-001,8,0,0,8,8,0.0,3051.234,1116.346,1116.346,miss
f3aa19337a79,generation-001,8,1,0,8,8,0.0,3427.71,1114.726,1114.726,miss
f3aa19337a79,generation-001,8,2,3,8,8,0.375,3385.697,1111.29,1111.29,miss
f3aa19337a79,generation-001,8,3,5,7,7,0.7143,3327.092,1038.073,1038.073,miss
f3aa19337a79,generation-001,8,4,1,7,7,0.1429,3462.461,1010.4,1010.4,miss
f3aa19337a79,generation-001,8,5,2,7,7,0.2857,3336.032,1127.27,1127.27,miss
f3aa19337a79,generation-001,8,6,4,7,7,0.5714,3356.866,1033.931,1033.931,miss
f3aa19337a79,generation-001,8,7,1,7,7,0.1429,3340.621,1125.55,1125.55,miss
f3aa19337a79,generation-001,8,8,0,7,7,0.0,3343.177,1013.223,1013.223,miss
f3aa19337a79,generation-001,8,9,0,7,7,0.0,3378.579,1127.716,1127.716,miss
f3aa19337a79,generation-001,8,10,2,7,7,0.2857,3275.919,1025.335,1025.335,miss
f3aa19337a79,generation-001,8,11,2,7,7,0.2857,3330.769,1023.75,1023.75,miss
f3aa19337a79,generation-001,8,12,0,7,7,0.0,3348.986,1122.228,1122.228,miss
f3aa19337a79,generation-001,8,13,0,7,7,0.0,3438.33,1084.344,1084.345,miss
f3aa19337a79,generation-001,8,14,3,7,7,0.4286,3378.201,1125.435,1125.435,miss
f3aa19337a79,generation-001,8,15,0,7,7,0.0,3340.918,1023.043,1023.043,miss
f3aa19337a79,generation-001,8,16,0,7,7,0.0,3324.601,1095.192,1095.192,unknown
c8e174a9a626,generation-002,8,0,0,8,8,0.0,3069.913,1114.526,1114.526,miss
c8e174a9a626,generation-002,8,1,0,8,8,0.0,3378.721,1114.358,1114.358,miss
c8e174a9a626,generation-002,8,2,1,8,8,0.125,3378.24,1128.724,1128.724,miss
c8e174a9a626,generation-002,8,3,1,6,6,0.1667,3375.921,919.228,919.228,miss
c8e174a9a626,generation-002,8,4,6,6,6,1.0,3408.53,953.198,953.198,hit
c8e174a9a626,generation-002,8,5,5,5,5,1.0,3301.26,1027.631,1027.631,hit
c8e174a9a626,generation-002,8,6,1,5,5,0.2,3307.063,920.618,920.618,miss
c8e174a9a626,generation-002,8,7,6,6,6,1.0,3306.648,1015.658,1015.658,hit
c8e174a9a626,generation-002,8,8,5,5,5,1.0,3333.96,979.288,979.288,hit
c8e174a9a626,generation-002,8,9,5,5,5,1.0,3378.019,922.035,922.035,hit
c8e174a9a626,generation-002,8,10,5,5,5,1.0,3300.098,1023.731,1023.731,hit
c8e174a9a626,generation-002,8,11,5,5,5,1.0,3403.197,995.758,995.758,hit
c8e174a9a626,generation-002,8,12,2,5,5,0.4,3264.116,992.392,992.392,miss
c8e174a9a626,generation-002,8,13,0,7,7,0.0,3282.597,1023.396,1023.396,miss
c8e174a9a626,generation-002,8,14,7,7,7,1.0,3377.942,1124.334,1124.334,hit
c8e174a9a626,generation-002,8,15,1,6,6,0.1667,3377.753,1124.915,1124.915,miss
c8e174a9a626,generation-002,8,16,7,7,7,1.0,3352.288,1014.911,1014.911,hit
c8e174a9a626,generation-002,8,17,2,6,6,0.3333,3323.077,1054.957,1054.957,miss
c8e174a9a626,generation-002,8,18,0,6,6,0.0,3313.411,912.326,912.326,miss
c8e174a9a626,generation-002,8,19,5,5,5,1.0,3319.68,829.668,829.668,miss
a1d9bc253358,code-001,8,0,1,8,8,0.125,3050.215,1148.439,1148.439,miss
a1d9bc253358,code-001,8,1,2,8,8,0.25,3332.516,1124.574,1124.574,miss
a1d9bc253358,code-001,8,2,8,8,8,1.0,3320.857,1136.068,1136.068,hit
a1d9bc253358,code-001,8,3,0,7,7,0.0,3298.838,1054.649,1054.649,miss
a1d9bc253358,code-001,8,4,1,7,7,0.1429,3409.59,1028.934,1028.934,miss
a1d9bc253358,code-001,8,5,7,7,7,1.0,3380.631,1033.411,1033.411,hit
a1d9bc253358,code-001,8,6,2,6,6,0.3333,3296.077,1038.984,1038.984,miss
a1d9bc253358,code-001,8,7,7,7,7,1.0,3315.015,1123.731,1123.731,miss
a1d9bc253358,code-001,8,8,7,7,7,1.0,3408.865,1070.457,1070.457,hit
a1d9bc253358,code-001,8,9,1,6,6,0.1667,3473.81,1043.516,1043.516,miss
a1d9bc253358,code-001,8,10,0,7,7,0.0,3275.354,993.755,993.755,miss
a1d9bc253358,code-001,8,11,0,6,6,0.0,3302.186,940.213,940.213,miss
a1d9bc253358,code-001,8,12,5,5,5,1.0,3305.789,882.326,882.326,hit
a1d9bc253358,code-001,8,13,0,4,4,0.0,3411.471,851.481,851.481,miss
a1d9bc253358,code-001,8,14,2,5,5,0.4,3334.321,921.508,921.508,miss
a1d9bc253358,code-001,8,15,0,5,5,0.0,3307.17,921.991,921.991,miss
a1d9bc253358,code-001,8,16,1,5,5,0.2,3298.762,924.086,924.086,miss
a1d9bc253358,code-001,8,17,0,5,5,0.0,3292.296,841.469,841.469,miss
a1d9bc253358,code-001,8,18,0,5,5,0.0,3375.609,1021.659,1021.659,miss
a1d9bc253358,code-001,8,19,0,5,5,0.0,3389.693,837.996,837.996,miss
c3f721a394b5,code-002,8,0,0,8,8,0.0,3069.257,1226.221,1226.221,miss
c3f721a394b5,code-002,8,1,0,8,8,0.0,3374.732,917.221,917.221,miss
c3f721a394b5,code-002,8,2,8,8,8,1.0,3322.544,1124.997,1124.997,hit
c3f721a394b5,code-002,8,3,2,7,7,0.2857,3309.539,1076.338,1076.338,miss
c3f721a394b5,code-002,8,4,0,7,7,0.0,3334.401,1043.32,1043.32,miss
c3f721a394b5,code-002,8,5,3,7,7,0.4286,3318.683,1034.885,1034.885,miss
c3f721a394b5,code-002,8,6,6,7,7,0.8571,3330.8,1122.949,1122.949,miss
c3f721a394b5,code-002,8,7,0,7,7,0.0,3375.904,1228.921,1228.921,miss
c3f721a394b5,code-002,8,8,4,7,7,0.5714,3406.41,1050.931,1050.932,miss
c3f721a394b5,code-002,8,9,7,7,7,1.0,3315.249,1127.417,1127.417,hit
c3f721a394b5,code-002,8,10,5,6,6,0.8333,3297.817,1084.412,1084.412,miss
c3f721a394b5,code-002,8,11,5,7,7,0.7143,3325.214,1125.712,1125.712,miss
c3f721a394b5,code-002,8,12,4,7,7,0.5714,3305.846,1040.789,1040.789,miss
c3f721a394b5,code-002,8,13,3,7,7,0.4286,3375.649,1027.917,1027.917,miss
c3f721a394b5,code-002,8,14,0,7,7,0.0,3402.771,1153.206,1153.206,miss
c3f721a394b5,code-002,8,15,1,6,6,0.1667,3299.669,929.2,929.2,miss
c3f721a394b5,code-002,8,16,3,5,5,0.6,3295.179,877.467,877.467,miss
c3f721a394b5,code-002,8,17,0,5,5,0.0,3314.493,825.925,825.925,miss
c3f721a394b5,code-002,8,18,0,5,5,0.0,3306.289,877.144,877.143,miss
c3f721a394b5,code-002,8,19,1,5,5,0.2,3297.674,842.111,842.111,miss
290f5ca9bcd1,longform-001,8,0,0,8,8,0.0,3069.252,1228.825,1228.825,miss
290f5ca9bcd1,longform-001,8,1,2,8,8,0.25,3409.797,1140.808,1140.808,miss
290f5ca9bcd1,longform-001,8,2,1,8,8,0.125,3379.469,1125.11,1125.11,miss
290f5ca9bcd1,longform-001,8,3,5,7,7,0.7143,3376.85,1030.142,1030.142,miss
290f5ca9bcd1,longform-001,8,4,0,7,7,0.0,3329.71,1027.677,1027.677,miss
290f5ca9bcd1,longform-001,8,5,2,7,7,0.2857,3377.396,1126.211,1126.211,miss
290f5ca9bcd1,longform-001,8,6,0,7,7,0.0,3378.211,1127.485,1127.485,miss
290f5ca9bcd1,longform-001,8,7,4,7,7,0.5714,3264.135,998.773,998.773,miss
290f5ca9bcd1,longform-001,8,8,0,7,7,0.0,3419.396,1062.992,1062.992,miss
290f5ca9bcd1,longform-001,8,9,7,7,7,1.0,3349.584,1027.92,1027.92,miss
290f5ca9bcd1,longform-001,8,10,7,7,7,1.0,3384.1,1033.792,1033.792,miss
290f5ca9bcd1,longform-001,8,11,0,7,7,0.0,3378.385,1126.094,1126.094,miss
290f5ca9bcd1,longform-001,8,12,0,7,7,0.0,3310.017,1151.914,1151.914,miss
290f5ca9bcd1,longform-001,8,13,5,7,7,0.7143,3378.608,1128.367,1128.367,miss
290f5ca9bcd1,longform-001,8,14,2,7,7,0.2857,3404.642,1026.125,1026.125,miss
290f5ca9bcd1,longform-001,8,15,7,7,7,1.0,3310.95,1125.051,1125.051,hit
290f5ca9bcd1,longform-001,8,16,5,6,6,0.8333,3362.424,1194.209,1194.209,miss
290f5ca9bcd1,longform-001,8,17,0,7,7,0.0,3377.294,1124.338,1124.338,miss
290f5ca9bcd1,longform-001,8,18,5,7,7,0.7143,3380.282,1031.612,1031.612,miss
290f5ca9bcd1,longform-001,8,19,7,7,7,1.0,3321.84,1146.772,1146.772,hit
b3ed20700379,longform-002,8,0,0,8,8,0.0,3054.384,1330.888,1330.888,miss
b3ed20700379,longform-002,8,1,0,8,8,0.0,3414.09,1141.338,1141.338,miss
b3ed20700379,longform-002,8,2,0,8,8,0.0,3363.192,1140.203,1140.203,miss
b3ed20700379,longform-002,8,3,0,6,6,0.0,3310.158,920.029,920.029,miss
b3ed20700379,longform-002,8,4,1,6,6,0.1667,3320.356,916.649,916.649,miss
b3ed20700379,longform-002,8,5,1,6,6,0.1667,3375.48,917.385,917.385,miss
b3ed20700379,longform-002,8,6,1,6,6,0.1667,3370.565,1019.669,1019.669,miss
b3ed20700379,longform-002,8,7,6,6,6,1.0,3303.87,1025.391,1025.391,hit
b3ed20700379,longform-002,8,8,5,5,5,1.0,3346.459,994.364,994.364,hit
b3ed20700379,longform-002,8,9,5,5,5,1.0,3479.557,922.169,922.169,hit
b3ed20700379,longform-002,8,10,0,5,5,0.0,3337.605,1022.455,1022.454,miss
b3ed20700379,longform-002,8,11,5,5,5,1.0,3376.466,822.486,822.486,hit
b3ed20700379,longform-002,8,12,4,4,4,1.0,3375.611,820.413,820.413,hit
b3ed20700379,longform-002,8,13,4,4,4,1.0,3376.61,922.994,922.994,hit
b3ed20700379,longform-002,8,14,4,4,4,1.0,3374.947,917.724,917.724,hit
b3ed20700379,longform-002,8,15,4,4,4,1.0,3378.39,819.716,819.716,hit
b3ed20700379,longform-002,8,16,4,4,4,1.0,3377.463,921.581,921.581,hit
b3ed20700379,longform-002,8,17,5,5,5,1.0,3377.457,1104.992,1104.992,hit
b3ed20700379,longform-002,8,18,6,6,6,1.0,3296.857,1127.24,1127.24,hit
b3ed20700379,longform-002,8,19,1,7,7,0.1429,3458.646,1204.788,1204.788,miss
3acf752882df,factual-001,12,0,1,12,12,0.0833,3088.489,1634.563,1634.563,miss
3acf752882df,factual-001,12,1,4,12,12,0.3333,3351.308,1546.299,1546.299,miss
3acf752882df,factual-001,12,2,12,12,12,1.0,3466.232,1559.421,1559.421,hit
3acf752882df,factual-001,12,3,10,11,11,0.9091,3349.304,1536.647,1536.647,miss
3acf752882df,factual-001,12,4,11,11,11,1.0,3375.755,1430.84,1430.84,hit
3acf752882df,factual-001,12,5,10,10,10,1.0,3479.879,1492.015,1492.015,hit
3acf752882df,factual-001,12,6,8,10,10,0.8,3376.772,1501.514,1501.514,miss
3acf752882df,factual-001,12,7,7,11,11,0.6364,3355.589,1537.857,1537.857,miss
3acf752882df,factual-001,12,8,7,11,11,0.6364,3477.409,1531.152,1531.152,miss
3acf752882df,factual-001,12,9,11,11,11,1.0,3436.282,1493.014,1493.014,hit
3acf752882df,factual-001,12,10,10,10,10,1.0,3351.721,1532.574,1532.574,hit
3acf752882df,factual-001,12,11,0,10,10,0.0,3606.43,1441.256,1441.256,miss
3acf752882df,factual-001,12,12,0,11,11,0.0,3433.373,1488.232,1488.232,miss
3acf752882df,factual-001,12,13,11,11,11,1.0,3374.82,1473.599,1473.598,hit
3acf752882df,factual-001,12,14,4,10,10,0.4,3345.757,1536.052,1536.052,miss
3acf752882df,factual-001,12,15,11,11,11,1.0,3367.501,1469.914,1469.914,hit
7c9331da83cc,factual-002,12,0,0,12,12,0.0,3075.068,1562.975,1562.975,miss
7c9331da83cc,factual-002,12,1,0,12,12,0.0,3351.709,1588.466,1588.466,miss
7c9331da83cc,factual-002,12,2,4,12,12,0.3333,3332.671,1558.322,1558.322,miss
7c9331da83cc,factual-002,12,3,10,10,10,1.0,3391.654,1434.936,1434.936,hit
7c9331da83cc,factual-002,12,4,9,9,9,1.0,3331.518,1347.241,1347.241,hit
7c9331da83cc,factual-002,12,5,9,9,9,1.0,3328.489,1361.591,1361.591,hit
7c9331da83cc,factual-002,12,6,9,9,9,1.0,3351.765,1356.716,1356.716,hit
7c9331da83cc,factual-002,12,7,5,9,9,0.5556,3307.739,1434.798,1434.798,miss
7c9331da83cc,factual-002,12,8,6,10,10,0.6,3384.279,1360.392,1360.392,miss
7c9331da83cc,factual-002,12,9,8,10,10,0.8,3347.527,1369.426,1369.426,miss
7c9331da83cc,factual-002,12,10,8,10,10,0.8,3346.517,1395.991,1395.991,miss
7c9331da83cc,factual-002,12,11,10,10,10,1.0,3519.12,1370.732,1370.732,hit
7c9331da83cc,factual-002,12,12,9,9,9,1.0,3349.601,1358.971,1358.971,hit
7c9331da83cc,factual-002,12,13,6,9,9,0.6667,3404.686,1359.161,1359.161,miss
7c9331da83cc,factual-002,12,14,10,10,10,1.0,3396.664,1429.959,1429.959,hit
7c9331da83cc,factual-002,12,15,7,9,9,0.7778,3329.37,1513.898,1513.898,miss
7c9331da83cc,factual-002,12,16,8,12,12,0.6667,3355.403,1567.182,1567.182,miss
57e5bd8d81de,instruct-001,12,0,0,12,12,0.0,3074.856,1547.025,1547.025,miss
57e5bd8d81de,instruct-001,12,1,0,12,12,0.0,3375.526,1534.638,1534.638,miss
57e5bd8d81de,instruct-001,12,2,0,12,12,0.0,3346.256,1533.754,1533.754,miss
57e5bd8d81de,instruct-001,12,3,0,10,10,0.0,3462.981,1367.254,1367.254,miss
57e5bd8d81de,instruct-001,12,4,0,10,10,0.0,3328.822,1374.67,1374.67,miss
57e5bd8d81de,instruct-001,12,5,0,10,10,0.0,3376.934,1335.264,1335.264,miss
57e5bd8d81de,instruct-001,12,6,0,10,10,0.0,3429.5,1381.066,1381.066,miss
57e5bd8d81de,instruct-001,12,7,9,10,10,0.9,3426.266,1313.584,1313.584,miss
57e5bd8d81de,instruct-001,12,8,10,10,10,1.0,3339.234,1369.442,1369.442,hit
57e5bd8d81de,instruct-001,12,9,9,9,9,1.0,3354.227,1345.486,1345.486,hit
57e5bd8d81de,instruct-001,12,10,1,9,9,0.1111,3337.493,1434.577,1434.577,miss
57e5bd8d81de,instruct-001,12,11,0,9,9,0.0,3299.055,1304.304,1304.304,miss
57e5bd8d81de,instruct-001,12,12,2,8,8,0.25,3311.179,1124.152,1124.152,miss
57e5bd8d81de,instruct-001,12,13,0,7,7,0.0,3303.683,1042.879,1042.879,miss
57e5bd8d81de,instruct-001,12,14,7,7,7,1.0,3378.557,1021.921,1021.921,miss
57e5bd8d81de,instruct-001,12,15,5,7,7,0.7143,3306.751,1042.395,1042.395,miss
57e5bd8d81de,instruct-001,12,16,7,7,7,1.0,3323.24,1021.256,1021.256,hit
57e5bd8d81de,instruct-001,12,17,6,6,6,1.0,3336.733,1021.353,1021.353,hit
57e5bd8d81de,instruct-001,12,18,4,6,6,0.6667,3288.864,1027.881,1027.881,miss
57e5bd8d81de,instruct-001,12,19,7,7,7,1.0,3310.861,1026.421,1026.421,hit
cd77011807fe,instruct-002,12,0,0,12,12,0.0,3085.776,1627.875,1627.875,miss
cd77011807fe,instruct-002,12,1,0,12,12,0.0,3397.442,1661.276,1661.276,miss
cd77011807fe,instruct-002,12,2,0,12,12,0.0,3366.02,1531.527,1531.527,miss
cd77011807fe,instruct-002,12,3,0,10,10,0.0,3478.669,1344.345,1344.345,miss
cd77011807fe,instruct-002,12,4,7,9,9,0.7778,3334.412,1388.68,1388.68,miss
cd77011807fe,instruct-002,12,5,0,1,1,0.0,634.164,1044.701,634.164,miss
cd77011807fe,instruct-002,12,6,1,10,10,0.1,3410.197,1370.619,1370.619,miss
cd77011807fe,instruct-002,12,7,4,10,10,0.4,3342.925,1348.008,1348.008,miss
cd77011807fe,instruct-002,12,8,0,10,10,0.0,3427.498,1375.288,1375.288,miss
cd77011807fe,instruct-002,12,9,1,10,10,0.1,3334.585,1432.491,1432.491,miss
cd77011807fe,instruct-002,12,10,0,10,10,0.0,3367.871,1422.538,1422.538,miss
cd77011807fe,instruct-002,12,11,10,10,10,1.0,3434.511,1352.176,1352.176,miss
cd77011807fe,instruct-002,12,12,5,10,10,0.5,3367.382,1421.955,1421.954,miss
cd77011807fe,instruct-002,12,13,5,10,10,0.5,3374.255,1428.104,1428.104,miss
cd77011807fe,instruct-002,12,14,0,10,10,0.0,3326.789,1307.636,1307.636,miss
cd77011807fe,instruct-002,12,15,0,10,10,0.0,3481.199,1344.857,1344.857,miss
cd77011807fe,instruct-002,12,16,0,10,10,0.0,3423.057,1352.6,1352.599,miss
cd77011807fe,instruct-002,12,17,0,10,10,0.0,3332.906,1433.036,1433.036,miss
cd77011807fe,instruct-002,12,18,2,10,10,0.2,3357.989,1356.179,1356.179,miss
cd77011807fe,instruct-002,12,19,0,10,10,0.0,3419.681,1376.032,1376.032,miss
d4af812af3d7,reasoning-001,12,0,0,12,12,0.0,3179.019,1635.455,1635.455,miss
d4af812af3d7,reasoning-001,12,1,0,12,12,0.0,3356.162,1533.66,1533.66,miss
d4af812af3d7,reasoning-001,12,2,0,12,12,0.0,3349.464,1548.072,1548.072,miss
d4af812af3d7,reasoning-001,12,3,0,10,10,0.0,3375.807,1338.242,1338.242,miss
d4af812af3d7,reasoning-001,12,4,0,10,10,0.0,3375.56,1343.324,1343.324,miss
d4af812af3d7,reasoning-001,12,5,8,10,10,0.8,3378.482,1341.168,1341.168,miss
d4af812af3d7,reasoning-001,12,6,7,10,10,0.7,3376.275,1428.678,1428.677,miss
d4af812af3d7,reasoning-001,12,7,5,10,10,0.5,3367.404,1581.98,1581.98,miss
d4af812af3d7,reasoning-001,12,8,10,10,10,1.0,3362.504,1444.273,1444.273,miss
d4af812af3d7,reasoning-001,12,9,3,10,10,0.3,3389.304,1546.53,1546.53,miss
d4af812af3d7,reasoning-001,12,10,10,10,10,1.0,3377.488,1434.696,1434.696,miss
d4af812af3d7,reasoning-001,12,11,10,10,10,1.0,3349.439,1415.467,1415.467,hit
d4af812af3d7,reasoning-001,12,12,9,9,9,1.0,3332.334,1352.172,1352.172,hit
d4af812af3d7,reasoning-001,12,13,9,9,9,1.0,3297.105,1390.735,1390.735,hit
d4af812af3d7,reasoning-001,12,14,9,9,9,1.0,3338.834,1359.417,1359.417,hit
d4af812af3d7,reasoning-001,12,15,9,9,9,1.0,3401.003,1471.943,1471.943,hit
d4af812af3d7,reasoning-001,12,16,0,10,10,0.0,3421.394,1542.446,1542.446,miss
d4af812af3d7,reasoning-001,12,17,10,12,12,0.8333,3509.195,1565.106,1565.106,miss
d4af812af3d7,reasoning-001,12,18,1,12,12,0.0833,3436.974,1591.844,1591.844,miss
d4af812af3d7,reasoning-001,12,19,12,12,12,1.0,3430.611,1563.785,1563.785,hit
a0fd847c06fb,reasoning-002,12,0,0,12,12,0.0,3127.911,1558.816,1558.816,miss
a0fd847c06fb,reasoning-002,12,1,0,12,12,0.0,3385.647,1545.233,1545.233,miss
a0fd847c06fb,reasoning-002,12,2,0,12,12,0.0,3380.024,1547.722,1547.722,miss
a0fd847c06fb,reasoning-002,12,3,0,10,10,0.0,3378.307,1433.245,1433.245,miss
a0fd847c06fb,reasoning-002,12,4,0,10,10,0.0,3378.632,1435.251,1435.251,miss
a0fd847c06fb,reasoning-002,12,5,7,10,10,0.7,3346.384,1351.697,1351.697,miss
a0fd847c06fb,reasoning-002,12,6,0,10,10,0.0,3344.485,1446.011,1446.011,miss
a0fd847c06fb,reasoning-002,12,7,5,10,10,0.5,3337.986,1361.239,1361.239,miss
a0fd847c06fb,reasoning-002,12,8,8,10,10,0.8,3479.771,1333.021,1333.021,miss
a0fd847c06fb,reasoning-002,12,9,1,10,10,0.1,3373.692,1430.62,1430.62,miss
a0fd847c06fb,reasoning-002,12,10,5,10,10,0.5,3391.082,1366.773,1366.773,miss
a0fd847c06fb,reasoning-002,12,11,0,10,10,0.0,3400.081,1338.552,1338.552,miss
a0fd847c06fb,reasoning-002,12,12,10,10,10,1.0,3302.963,1294.623,1294.623,hit
a0fd847c06fb,reasoning-002,12,13,8,9,9,0.8889,3444.668,530.673,530.673,miss
a0fd847c06fb,reasoning-002,12,14,2,10,10,0.2,3377.795,1351.645,1351.645,miss
a0fd847c06fb,reasoning-002,12,15,5,10,10,0.5,3481.216,1433.742,1433.742,miss
a0fd847c06fb,reasoning-002,12,16,0,10,10,0.0,3408.99,1360.735,1360.735,miss
a0fd847c06fb,reasoning-002,12,17,2,10,10,0.2,3352.851,1356.208,1356.208,miss
a0fd847c06fb,reasoning-002,12,18,1,10,10,0.1,3357.493,1356.351,1356.351,miss
a0fd847c06fb,reasoning-002,12,19,3,10,10,0.3,3342.512,1446.924,1446.924,miss
41260abe323f,generation-001,12,0,0,12,12,0.0,3128.129,1542.188,1542.188,miss
41260abe323f,generation-001,12,1,0,12,12,0.0,3377.06,1638.666,1638.666,miss
41260abe323f,generation-001,12,2,3,12,12,0.25,3379.034,1527.823,1527.823,miss
41260abe323f,generation-001,12,3,5,10,10,0.5,3479.917,1433.669,1433.669,miss
41260abe323f,generation-001,12,4,1,10,10,0.1,3351.617,1333.092,1333.092,miss
41260abe323f,generation-001,12,5,2,10,10,0.2,3329.922,1431.907,1431.907,miss
41260abe323f,generation-001,12,6,4,10,10,0.4,3323.206,1474.072,1474.072,miss
41260abe323f,generation-001,12,7,1,10,10,0.1,3375.671,1429.353,1429.353,miss
41260abe323f,generation-001,12,8,0,10,10,0.0,3343.338,1336.152,1336.152,miss
41260abe323f,generation-001,12,9,0,10,10,0.0,3422.852,1340.541,1340.541,miss
41260abe323f,generation-001,12,10,2,10,10,0.2,3376.537,1330.046,1330.046,miss
41260abe323f,generation-001,12,11,2,10,10,0.2,3425.724,1377.521,1377.521,miss
41260abe323f,generation-001,12,12,0,10,10,0.0,3375.882,1430.229,1430.229,miss
41260abe323f,generation-001,12,13,0,10,10,0.0,3521.827,1370.8,1370.8,miss
41260abe323f,generation-001,12,14,3,10,10,0.3,3479.692,1337.812,1337.812,miss
41260abe323f,generation-001,12,15,0,10,10,0.0,3425.219,1327.828,1327.828,miss
41260abe323f,generation-001,12,16,0,10,10,0.0,3330.222,1345.597,1345.597,unknown
fe28ce92d08c,generation-002,12,0,0,12,12,0.0,3020.117,1535.411,1535.411,miss
fe28ce92d08c,generation-002,12,1,0,12,12,0.0,3360.2,1542.869,1542.869,miss
fe28ce92d08c,generation-002,12,2,1,12,12,0.0833,3358.215,1597.029,1597.029,miss
fe28ce92d08c,generation-002,12,3,1,10,10,0.1,3343.592,1353.316,1353.316,miss
fe28ce92d08c,generation-002,12,4,10,10,10,1.0,3377.222,1431.233,1431.233,hit
fe28ce92d08c,generation-002,12,5,3,9,9,0.3333,3330.078,1371.123,1371.123,miss
fe28ce92d08c,generation-002,12,6,10,10,10,1.0,3350.059,1403.713,1403.713,hit
fe28ce92d08c,generation-002,12,7,9,9,9,1.0,3375.711,1429.099,1429.099,hit
fe28ce92d08c,generation-002,12,8,9,9,9,1.0,3272.969,1301.949,1301.949,hit
fe28ce92d08c,generation-002,12,9,2,9,9,0.2222,3323.459,1431.535,1431.535,miss
fe28ce92d08c,generation-002,12,10,0,10,10,0.0,3335.004,1347.723,1347.723,miss
fe28ce92d08c,generation-002,12,11,9,10,10,0.9,3433.818,1386.575,1386.575,miss
fe28ce92d08c,generation-002,12,12,10,10,10,1.0,3423.529,1375.161,1375.161,miss
fe28ce92d08c,generation-002,12,13,0,9,9,0.0,3377.953,1238.684,1238.684,miss
fe28ce92d08c,generation-002,12,14,5,8,8,0.625,3322.538,1162.83,1162.83,miss
fe28ce92d08c,generation-002,12,15,1,7,7,0.1429,3381.181,1038.416,1038.416,miss
fe28ce92d08c,generation-002,12,16,0,6,6,0.0,3347.658,942.31,942.31,miss
fe28ce92d08c,generation-002,12,17,4,4,4,1.0,3289.367,747.902,747.902,miss
fe28ce92d08c,generation-002,12,18,2,4,4,0.5,3349.582,787.268,787.268,miss
fe28ce92d08c,generation-002,12,19,2,4,4,0.5,3286.209,816.912,816.912,miss
8b6025139d14,code-001,12,0,1,12,12,0.0833,3101.816,1636.227,1636.227,miss
8b6025139d14,code-001,12,1,2,12,12,0.1667,3406.301,1569.284,1569.284,miss
8b6025139d14,code-001,12,2,9,12,12,0.75,3337.413,1534.828,1534.828,miss
8b6025139d14,code-001,12,3,1,11,11,0.0909,3361.308,1614.726,1614.726,miss
8b6025139d14,code-001,12,4,10,11,11,0.9091,3427.712,1482.291,1482.291,miss
8b6025139d14,code-001,12,5,7,11,11,0.6364,3329.484,1532.733,1532.733,miss
8b6025139d14,code-001,12,6,9,11,11,0.8182,3395.039,1530.282,1530.282,miss
8b6025139d14,code-001,12,7,0,11,11,0.0,3350.86,1444.031,1444.031,miss
8b6025139d14,code-001,12,8,0,10,10,0.0,3470.127,1426.606,1426.606,miss
8b6025139d14,code-001,12,9,6,10,10,0.6,3349.373,1378.998,1378.998,miss
8b6025139d14,code-001,12,10,2,10,10,0.2,3338.415,1310.689,1310.689,miss
8b6025139d14,code-001,12,11,0,10,10,0.0,3450.634,1367.611,1367.611,miss
8b6025139d14,code-001,12,12,1,10,10,0.1,3337.927,1374.354,1374.354,miss
8b6025139d14,code-001,12,13,0,10,10,0.0,3345.692,1363.606,1363.606,miss
8b6025139d14,code-001,12,14,0,10,10,0.0,3274.538,1285.317,1285.317,miss
8b6025139d14,code-001,12,15,0,10,10,0.0,3390.597,1436.498,1436.498,miss
8b6025139d14,code-001,12,16,0,10,10,0.0,3286.187,1327.972,1327.972,miss
8b6025139d14,code-001,12,17,10,10,10,1.0,3409.428,1361.257,1361.257,hit
8b6025139d14,code-001,12,18,2,9,9,0.2222,3376.865,1432.774,1432.774,miss
8b6025139d14,code-001,12,19,0,10,10,0.0,3377.535,1452.116,1452.116,miss
a59b2d8884a3,code-002,12,0,0,12,12,0.0,3075.222,1636.873,1636.873,miss
a59b2d8884a3,code-002,12,1,0,12,12,0.0,3416.134,548.577,548.577,miss
a59b2d8884a3,code-002,12,2,11,12,12,0.9167,3441.064,1521.944,1521.944,miss
a59b2d8884a3,code-002,12,3,0,11,11,0.0,3422.546,1445.557,1445.557,miss
a59b2d8884a3,code-002,12,4,3,11,11,0.2727,3428.694,1436.564,1436.564,miss
a59b2d8884a3,code-002,12,5,6,11,11,0.5455,3302.275,1404.029,1404.029,miss
a59b2d8884a3,code-002,12,6,0,11,11,0.0,3338.053,1430.676,1430.676,miss
a59b2d8884a3,code-002,12,7,4,11,11,0.3636,3368.086,1452.53,1452.53,miss
a59b2d8884a3,code-002,12,8,11,11,11,1.0,3379.451,1537.321,1537.321,hit
a59b2d8884a3,code-002,12,9,1,10,10,0.1,3328.744,1506.042,1506.042,miss
a59b2d8884a3,code-002,12,10,5,11,11,0.4545,3390.759,1532.131,1532.131,miss
a59b2d8884a3,code-002,12,11,4,11,11,0.3636,3344.208,1533.763,1533.763,miss
a59b2d8884a3,code-002,12,12,3,11,11,0.2727,3459.835,1513.325,1513.325,miss
a59b2d8884a3,code-002,12,13,0,11,11,0.0,3401.868,1453.259,1453.259,miss
a59b2d8884a3,code-002,12,14,1,11,11,0.0909,3387.301,1443.263,1443.263,miss
a59b2d8884a3,code-002,12,15,3,11,11,0.2727,3343.961,1450.572,1450.572,miss
a59b2d8884a3,code-002,12,16,0,11,11,0.0,3459.991,1513.809,1513.809,miss
a59b2d8884a3,code-002,12,17,0,11,11,0.0,3343.383,1439.362,1439.362,miss
a59b2d8884a3,code-002,12,18,1,11,11,0.0909,3372.563,1434.715,1434.715,miss
a59b2d8884a3,code-002,12,19,1,11,11,0.0909,3293.681,1373.509,1373.509,miss
1b41cfb48640,longform-001,12,0,0,12,12,0.0,3068.584,1483.381,1483.381,miss
1b41cfb48640,longform-001,12,1,2,12,12,0.1667,3389.266,1535.255,1535.255,miss
1b41cfb48640,longform-001,12,2,1,12,12,0.0833,3375.424,1533.743,1533.743,miss
1b41cfb48640,longform-001,12,3,5,10,10,0.5,3407.65,1358.083,1358.083,miss
1b41cfb48640,longform-001,12,4,0,10,10,0.0,3376.906,1435.499,1435.499,miss
1b41cfb48640,longform-001,12,5,2,10,10,0.2,3528.075,1358.417,1358.417,miss
1b41cfb48640,longform-001,12,6,0,10,10,0.0,3415.668,1434.863,1434.863,miss
1b41cfb48640,longform-001,12,7,4,10,10,0.4,3378.929,1357.954,1357.954,miss
1b41cfb48640,longform-001,12,8,0,10,10,0.0,3303.462,1317.919,1317.919,miss
1b41cfb48640,longform-001,12,9,7,10,10,0.7,3380.193,1430.012,1430.012,miss
1b41cfb48640,longform-001,12,10,7,10,10,0.7,3376.425,1328.769,1328.769,miss
1b41cfb48640,longform-001,12,11,0,10,10,0.0,3308.345,1336.356,1336.356,miss
1b41cfb48640,longform-001,12,12,0,10,10,0.0,3306.562,1434.233,1434.233,miss
1b41cfb48640,longform-001,12,13,5,10,10,0.5,3333.867,1357.697,1357.697,miss
1b41cfb48640,longform-001,12,14,2,10,10,0.2,3341.264,1336.994,1336.994,miss
1b41cfb48640,longform-001,12,15,10,10,10,1.0,3344.367,1364.346,1364.346,hit
1b41cfb48640,longform-001,12,16,3,9,9,0.3333,3367.424,1355.182,1355.182,miss
1b41cfb48640,longform-001,12,17,5,10,10,0.5,3378.617,1346.306,1346.306,miss
1b41cfb48640,longform-001,12,18,9,10,10,0.9,3350.973,1355.255,1355.255,miss
1b41cfb48640,longform-001,12,19,1,10,10,0.1,3350.227,1357.06,1357.06,miss
